
INSERT INTO HOSPITALS (HOSPITAL_ID,HOSPITAL_NAME,HOSPITAL_ADDRESS,PHONE) VALUES
('H101','Newton-Wellesley Hospital','2014 Washington St, Newton, MA 02462, United States','617-243-6000');
INSERT INTO HOSPITALS (HOSPITAL_ID,HOSPITAL_NAME,HOSPITAL_ADDRESS,PHONE) VALUES
('H102','Massachusetts General Hospital','55 Fruit Street, Boston, MA 02114, United States','617-726-2000');
INSERT INTO HOSPITALS (HOSPITAL_ID,HOSPITAL_NAME,HOSPITAL_ADDRESS,PHONE) VALUES
('H103','Brigham And Women Hospital','75 Francis St, Boston, MA 02115, United States','617-732-5500');
INSERT INTO HOSPITALS (HOSPITAL_ID,HOSPITAL_NAME,HOSPITAL_ADDRESS,PHONE) VALUES
('H104','Boston Children Hospital','300 Longwood Ave, Boston, MA 02115, United States','617-355-6000');
INSERT INTO HOSPITALS (HOSPITAL_ID,HOSPITAL_NAME,HOSPITAL_ADDRESS,PHONE) VALUES
('H105','Tufts Medical Center','800 Washington St, Boston, MA 02111, United States','617-636-5000');


INSERT INTO DEPARTMENTS (DEPARTMENT_ID,DEPARTMENT_NAME,SERVICE_NAME,HOSPITAL_ID) VALUES
('D10','Anesthetics','Anesthesia','H101');
INSERT INTO DEPARTMENTS (DEPARTMENT_ID,DEPARTMENT_NAME,SERVICE_NAME,HOSPITAL_ID) VALUES
('D11','Breast Screening','Breast Screening','H101');
INSERT INTO DEPARTMENTS (DEPARTMENT_ID,DEPARTMENT_NAME,SERVICE_NAME,HOSPITAL_ID) VALUES
('D12','Cardiology','Cardiology','H101');
INSERT INTO DEPARTMENTS (DEPARTMENT_ID,DEPARTMENT_NAME,SERVICE_NAME,HOSPITAL_ID) VALUES
('D13','ER','Emergency Room','H101');
INSERT INTO DEPARTMENTS (DEPARTMENT_ID,DEPARTMENT_NAME,SERVICE_NAME,HOSPITAL_ID) VALUES
('D14','General Surgery','Surgery','H101');
INSERT INTO DEPARTMENTS (DEPARTMENT_ID,DEPARTMENT_NAME,SERVICE_NAME,HOSPITAL_ID) VALUES
('D15','Gynecology','Gynecology','H101');
INSERT INTO DEPARTMENTS (DEPARTMENT_ID,DEPARTMENT_NAME,SERVICE_NAME,HOSPITAL_ID) VALUES
('D16','Neurology','Neurology','H101');
INSERT INTO DEPARTMENTS (DEPARTMENT_ID,DEPARTMENT_NAME,SERVICE_NAME,HOSPITAL_ID) VALUES
('D17','Oncology','Oncology','H101');
INSERT INTO DEPARTMENTS (DEPARTMENT_ID,DEPARTMENT_NAME,SERVICE_NAME,HOSPITAL_ID) VALUES
('D18','Orthopedics','Orthopedics','H101');
INSERT INTO DEPARTMENTS (DEPARTMENT_ID,DEPARTMENT_NAME,SERVICE_NAME,HOSPITAL_ID) VALUES
('D19','Urology','Urology','H101');
INSERT INTO DEPARTMENTS (DEPARTMENT_ID,DEPARTMENT_NAME,SERVICE_NAME,HOSPITAL_ID) VALUES
('D20','Anesthetics','Anesthesia','H102');
INSERT INTO DEPARTMENTS (DEPARTMENT_ID,DEPARTMENT_NAME,SERVICE_NAME,HOSPITAL_ID) VALUES
('D21','Breast Screening','Breast Screening','H102');
INSERT INTO DEPARTMENTS (DEPARTMENT_ID,DEPARTMENT_NAME,SERVICE_NAME,HOSPITAL_ID) VALUES
('D22','Cardiology','Cardiology','H102');
INSERT INTO DEPARTMENTS (DEPARTMENT_ID,DEPARTMENT_NAME,SERVICE_NAME,HOSPITAL_ID) VALUES
('D23','ER','Emergency Room','H102');
INSERT INTO DEPARTMENTS (DEPARTMENT_ID,DEPARTMENT_NAME,SERVICE_NAME,HOSPITAL_ID) VALUES
('D24','General Surgery','Surgery','H102');
INSERT INTO DEPARTMENTS (DEPARTMENT_ID,DEPARTMENT_NAME,SERVICE_NAME,HOSPITAL_ID) VALUES
('D25','Gynecology','Gynecology','H102');
INSERT INTO DEPARTMENTS (DEPARTMENT_ID,DEPARTMENT_NAME,SERVICE_NAME,HOSPITAL_ID) VALUES
('D26','Neurology','Neurology','H102');
INSERT INTO DEPARTMENTS (DEPARTMENT_ID,DEPARTMENT_NAME,SERVICE_NAME,HOSPITAL_ID) VALUES
('D27','Oncology','Oncology','H102');
INSERT INTO DEPARTMENTS (DEPARTMENT_ID,DEPARTMENT_NAME,SERVICE_NAME,HOSPITAL_ID) VALUES
('D28','Orthopedics','Orthopedics','H102');
INSERT INTO DEPARTMENTS (DEPARTMENT_ID,DEPARTMENT_NAME,SERVICE_NAME,HOSPITAL_ID) VALUES
('D29','Urology','Urology','H102');
INSERT INTO DEPARTMENTS (DEPARTMENT_ID,DEPARTMENT_NAME,SERVICE_NAME,HOSPITAL_ID) VALUES
('D30','Anesthetics','Anesthesia','H103');
INSERT INTO DEPARTMENTS (DEPARTMENT_ID,DEPARTMENT_NAME,SERVICE_NAME,HOSPITAL_ID) VALUES
('D31','Breast Screening','Breast Screening','H103');
INSERT INTO DEPARTMENTS (DEPARTMENT_ID,DEPARTMENT_NAME,SERVICE_NAME,HOSPITAL_ID) VALUES
('D32','Cardiology','Cardiology','H103');
INSERT INTO DEPARTMENTS (DEPARTMENT_ID,DEPARTMENT_NAME,SERVICE_NAME,HOSPITAL_ID) VALUES
('D33','ER','Emergency Room','H103');
INSERT INTO DEPARTMENTS (DEPARTMENT_ID,DEPARTMENT_NAME,SERVICE_NAME,HOSPITAL_ID) VALUES
('D34','General Surgery','Surgery','H103');
INSERT INTO DEPARTMENTS (DEPARTMENT_ID,DEPARTMENT_NAME,SERVICE_NAME,HOSPITAL_ID) VALUES
('D35','Gynecology','Gynecology','H103');
INSERT INTO DEPARTMENTS (DEPARTMENT_ID,DEPARTMENT_NAME,SERVICE_NAME,HOSPITAL_ID) VALUES
('D36','Neurology','Neurology','H103');
INSERT INTO DEPARTMENTS (DEPARTMENT_ID,DEPARTMENT_NAME,SERVICE_NAME,HOSPITAL_ID) VALUES
('D37','Oncology','Oncology','H103');
INSERT INTO DEPARTMENTS (DEPARTMENT_ID,DEPARTMENT_NAME,SERVICE_NAME,HOSPITAL_ID) VALUES
('D38','Orthopedics','Orthopedics','H103');
INSERT INTO DEPARTMENTS (DEPARTMENT_ID,DEPARTMENT_NAME,SERVICE_NAME,HOSPITAL_ID) VALUES
('D39','Urology','Urology','H103');
INSERT INTO DEPARTMENTS (DEPARTMENT_ID,DEPARTMENT_NAME,SERVICE_NAME,HOSPITAL_ID) VALUES
('D40','Anesthetics','Anesthesia','H104');
INSERT INTO DEPARTMENTS (DEPARTMENT_ID,DEPARTMENT_NAME,SERVICE_NAME,HOSPITAL_ID) VALUES
('D41','Breast Screening','Breast Screening','H104');
INSERT INTO DEPARTMENTS (DEPARTMENT_ID,DEPARTMENT_NAME,SERVICE_NAME,HOSPITAL_ID) VALUES
('D42','Cardiology','Cardiology','H104');
INSERT INTO DEPARTMENTS (DEPARTMENT_ID,DEPARTMENT_NAME,SERVICE_NAME,HOSPITAL_ID) VALUES
('D43','ER','Emergency Room','H104');
INSERT INTO DEPARTMENTS (DEPARTMENT_ID,DEPARTMENT_NAME,SERVICE_NAME,HOSPITAL_ID) VALUES
('D44','General Surgery','Surgery','H104');
INSERT INTO DEPARTMENTS (DEPARTMENT_ID,DEPARTMENT_NAME,SERVICE_NAME,HOSPITAL_ID) VALUES
('D45','Gynecology','Gynecology','H104');
INSERT INTO DEPARTMENTS (DEPARTMENT_ID,DEPARTMENT_NAME,SERVICE_NAME,HOSPITAL_ID) VALUES
('D46','Neurology','Neurology','H104');
INSERT INTO DEPARTMENTS (DEPARTMENT_ID,DEPARTMENT_NAME,SERVICE_NAME,HOSPITAL_ID) VALUES
('D47','Oncology','Oncology','H104');
INSERT INTO DEPARTMENTS (DEPARTMENT_ID,DEPARTMENT_NAME,SERVICE_NAME,HOSPITAL_ID) VALUES
('D48','Orthopedics','Orthopedics','H104');
INSERT INTO DEPARTMENTS (DEPARTMENT_ID,DEPARTMENT_NAME,SERVICE_NAME,HOSPITAL_ID) VALUES
('D49','Urology','Urology','H104');
INSERT INTO DEPARTMENTS (DEPARTMENT_ID,DEPARTMENT_NAME,SERVICE_NAME,HOSPITAL_ID) VALUES
('D50','Anesthetics','Anesthesia','H105');
INSERT INTO DEPARTMENTS (DEPARTMENT_ID,DEPARTMENT_NAME,SERVICE_NAME,HOSPITAL_ID) VALUES
('D51','Breast Screening','Breast Screening','H105');
INSERT INTO DEPARTMENTS (DEPARTMENT_ID,DEPARTMENT_NAME,SERVICE_NAME,HOSPITAL_ID) VALUES
('D52','Cardiology','Cardiology','H105');
INSERT INTO DEPARTMENTS (DEPARTMENT_ID,DEPARTMENT_NAME,SERVICE_NAME,HOSPITAL_ID) VALUES
('D53','ER','Emergency Room','H105');
INSERT INTO DEPARTMENTS (DEPARTMENT_ID,DEPARTMENT_NAME,SERVICE_NAME,HOSPITAL_ID) VALUES
('D54','General Surgery','Surgery','H105');
INSERT INTO DEPARTMENTS (DEPARTMENT_ID,DEPARTMENT_NAME,SERVICE_NAME,HOSPITAL_ID) VALUES
('D55','Gynecology','Gynecology','H105');
INSERT INTO DEPARTMENTS (DEPARTMENT_ID,DEPARTMENT_NAME,SERVICE_NAME,HOSPITAL_ID) VALUES
('D56','Neurology','Neurology','H105');
INSERT INTO DEPARTMENTS (DEPARTMENT_ID,DEPARTMENT_NAME,SERVICE_NAME,HOSPITAL_ID) VALUES
('D57','Oncology','Oncology','H105');
INSERT INTO DEPARTMENTS (DEPARTMENT_ID,DEPARTMENT_NAME,SERVICE_NAME,HOSPITAL_ID) VALUES
('D58','Orthopedics','Orthopedics','H105');
INSERT INTO DEPARTMENTS (DEPARTMENT_ID,DEPARTMENT_NAME,SERVICE_NAME,HOSPITAL_ID) VALUES
('D59','Urology','Urology','H105');



INSERT INTO STAFF (STAFF_ID,STAFF_NAME,STAFF_CONTACT,STAFF_EMAIL,DEPARTMENT_ID) VALUES
('S11001','Will Smith','212-456-7898','will@smith.com','D10');
INSERT INTO STAFF (STAFF_ID,STAFF_NAME,STAFF_CONTACT,STAFF_EMAIL,DEPARTMENT_ID) VALUES
('S11002','Steave Smith','202-406-7098','steave@smith.com','D11');
INSERT INTO STAFF (STAFF_ID,STAFF_NAME,STAFF_CONTACT,STAFF_EMAIL,DEPARTMENT_ID) VALUES
('S11003','Josh Ohio','212-050-1122','josh@buttler.com','D12');
INSERT INTO STAFF (STAFF_ID,STAFF_NAME,STAFF_CONTACT,STAFF_EMAIL,DEPARTMENT_ID) VALUES
('S11004','Kim Possible','212-110-9900','jofra@archer.com','D13');
INSERT INTO STAFF (STAFF_ID,STAFF_NAME,STAFF_CONTACT,STAFF_EMAIL,DEPARTMENT_ID) VALUES
('S11005','James Anderson','212-005-1122','james@anderson.com','D13');
INSERT INTO STAFF (STAFF_ID,STAFF_NAME,STAFF_CONTACT,STAFF_EMAIL,DEPARTMENT_ID) VALUES
('S11006','Billie Eilish','212-005-1122','billie@eilish.com','D13');
INSERT INTO STAFF (STAFF_ID, STAFF_NAME, STAFF_CONTACT, STAFF_EMAIL, DEPARTMENT_ID) VALUES 
('S11007', 'Lutero Gunthorpe', '728-281-9509', 'lgunthorpe1@jalbum.net', 'D15');
INSERT INTO STAFF (STAFF_ID, STAFF_NAME, STAFF_CONTACT, STAFF_EMAIL, DEPARTMENT_ID) VALUES 
('S11008', 'Magda Fireman', '723-885-9675', 'mfireman2@phpbb.com', 'D16');
INSERT INTO STAFF (STAFF_ID, STAFF_NAME, STAFF_CONTACT, STAFF_EMAIL, DEPARTMENT_ID) VALUES 
('S11009', 'Romeo Faichnie', '528-789-9116', 'rfaichnie3@meetup.com', 'D17');
INSERT INTO STAFF (STAFF_ID, STAFF_NAME, STAFF_CONTACT, STAFF_EMAIL, DEPARTMENT_ID) VALUES 
('S11010', 'Carlotta Waliszewski', '491-211-9109', 'cwaliszewski4@gnu.org', 'D18');
INSERT INTO STAFF (STAFF_ID, STAFF_NAME, STAFF_CONTACT, STAFF_EMAIL, DEPARTMENT_ID) VALUES 
('S11011', 'Cloe Tomasello', '359-151-7112', 'ctomasello5@skype.com', 'D19');
INSERT INTO STAFF (STAFF_ID, STAFF_NAME, STAFF_CONTACT, STAFF_EMAIL, DEPARTMENT_ID) VALUES 
('S11012', 'Carmencita Frear', '636-478-5355', 'cfrear6@blogger.com', 'D20');
INSERT INTO STAFF (STAFF_ID, STAFF_NAME, STAFF_CONTACT, STAFF_EMAIL, DEPARTMENT_ID) VALUES 
('S11013', 'Elsi Frude', '776-140-5351', 'efrude7@uol.com.br', 'D21');
INSERT INTO STAFF (STAFF_ID, STAFF_NAME, STAFF_CONTACT, STAFF_EMAIL, DEPARTMENT_ID) VALUES 
('S11014', 'Ardine Orrice', '790-236-3199', 'aorrice8@constantcontact.com', 'D21');
INSERT INTO STAFF (STAFF_ID, STAFF_NAME, STAFF_CONTACT, STAFF_EMAIL, DEPARTMENT_ID) VALUES 
('S11015', 'Karin Lodevick', '688-652-1818', 'klodevick9@networksolutions.com', 'D24');
INSERT INTO STAFF (STAFF_ID, STAFF_NAME, STAFF_CONTACT, STAFF_EMAIL, DEPARTMENT_ID) VALUES 
('S11016', 'Durant Sampson', '987-246-7209', 'dsampsonb@examiner.com', 'D22');
INSERT INTO STAFF (STAFF_ID, STAFF_NAME, STAFF_CONTACT, STAFF_EMAIL, DEPARTMENT_ID) VALUES 
('S11017', 'Tomaso Jaulme', '373-853-9001', 'tjaulmec@facebook.com', 'D23');
INSERT INTO STAFF (STAFF_ID, STAFF_NAME, STAFF_CONTACT, STAFF_EMAIL, DEPARTMENT_ID) VALUES 
('S11018', 'Hamil Dybbe', '415-255-9910', 'hdybbed@slashdot.org', 'D25');
INSERT INTO STAFF (STAFF_ID, STAFF_NAME, STAFF_CONTACT, STAFF_EMAIL, DEPARTMENT_ID) VALUES 
('S11019', 'Eldon Reef', '203-332-7515', 'ereefe@netvibes.com', 'D26');
INSERT INTO STAFF (STAFF_ID, STAFF_NAME, STAFF_CONTACT, STAFF_EMAIL, DEPARTMENT_ID) VALUES 
('S11020', 'Neile Crinage', '177-200-2201', 'ncrinagef@naver.com', 'D27');
INSERT INTO STAFF (STAFF_ID, STAFF_NAME, STAFF_CONTACT, STAFF_EMAIL, DEPARTMENT_ID) VALUES 
('S11021', 'Ode Rumbelow', '643-201-0927', 'orumbelowg@youtu.be', 'D28');
INSERT INTO STAFF (STAFF_ID, STAFF_NAME, STAFF_CONTACT, STAFF_EMAIL, DEPARTMENT_ID) VALUES 
('S11022', 'Madella Circuit', '511-377-1745', 'mcircuith@google.com.hk', 'D29');
INSERT INTO STAFF (STAFF_ID, STAFF_NAME, STAFF_CONTACT, STAFF_EMAIL, DEPARTMENT_ID) VALUES 
('S11023', 'Jody Whitcombe', '273-239-8845', 'jwhitcombei@patch.com', 'D30');
INSERT INTO STAFF (STAFF_ID, STAFF_NAME, STAFF_CONTACT, STAFF_EMAIL, DEPARTMENT_ID) VALUES 
('S11024', 'Gavra Abbitt', '310-218-6668', 'gabbittj@chicagotribune.com', 'D31');
INSERT INTO STAFF (STAFF_ID, STAFF_NAME, STAFF_CONTACT, STAFF_EMAIL, DEPARTMENT_ID) VALUES 
('S11025', 'Jacobo Grovier', '691-703-6535', 'jgrovierk@gmpg.org', 'D32');
INSERT INTO STAFF (STAFF_ID, STAFF_NAME, STAFF_CONTACT, STAFF_EMAIL, DEPARTMENT_ID) VALUES 
('S11026', 'Tiler Coronas', '798-623-4613', 'tcoronasl@engadget.com', 'D33');
INSERT INTO STAFF (STAFF_ID, STAFF_NAME, STAFF_CONTACT, STAFF_EMAIL, DEPARTMENT_ID) VALUES 
('S11027', 'Fritz Gannicott', '711-123-3605', 'fgannicottm@statcounter.com', 'D34');
INSERT INTO STAFF (STAFF_ID, STAFF_NAME, STAFF_CONTACT, STAFF_EMAIL, DEPARTMENT_ID) VALUES 
('S11028', 'Margareta Thornthwaite', '910-201-7682', 'mthornthwaiten@guardian.co.uk', 'D35');
INSERT INTO STAFF (STAFF_ID, STAFF_NAME, STAFF_CONTACT, STAFF_EMAIL, DEPARTMENT_ID) VALUES 
('S11029', 'Penn Heard', '812-971-7446', 'pheardo@seattletimes.com', 'D36');
INSERT INTO STAFF (STAFF_ID, STAFF_NAME, STAFF_CONTACT, STAFF_EMAIL, DEPARTMENT_ID) VALUES 
('S11030', 'Denna Gritsaev', '877-563-5340', 'dgritsaevp@people.com.cn', 'D37');
INSERT INTO STAFF (STAFF_ID, STAFF_NAME, STAFF_CONTACT, STAFF_EMAIL, DEPARTMENT_ID) VALUES 
('S11031', 'Germayne Warden', '804-370-5885', 'gwardenq@dmoz.org', 'D38');
INSERT INTO STAFF (STAFF_ID, STAFF_NAME, STAFF_CONTACT, STAFF_EMAIL, DEPARTMENT_ID) VALUES 
('S11032', 'Fiona Davenhall', '174-883-7697', 'fdavenhallr@narod.ru', 'D39');
INSERT INTO STAFF (STAFF_ID, STAFF_NAME, STAFF_CONTACT, STAFF_EMAIL, DEPARTMENT_ID) VALUES 
('S11033', 'Conant Richings', '361-695-7652', 'crichingss@icio.us', 'D40');
INSERT INTO STAFF (STAFF_ID, STAFF_NAME, STAFF_CONTACT, STAFF_EMAIL, DEPARTMENT_ID) VALUES 
('S11034', 'Bank Keemar', '391-185-8832', 'bkeemart@businessweek.com', 'D41');
INSERT INTO STAFF (STAFF_ID, STAFF_NAME, STAFF_CONTACT, STAFF_EMAIL, DEPARTMENT_ID) VALUES 
('S11035', 'Ansley Blampy', '206-178-5945', 'ablampyu@odnoklassniki.ru', 'D42');
INSERT INTO STAFF (STAFF_ID, STAFF_NAME, STAFF_CONTACT, STAFF_EMAIL, DEPARTMENT_ID) VALUES 
('S11036', 'Raychel Lovelady', '684-395-0942', 'rloveladyv@prweb.com', 'D43');
INSERT INTO STAFF (STAFF_ID, STAFF_NAME, STAFF_CONTACT, STAFF_EMAIL, DEPARTMENT_ID) VALUES 
('S11037', 'Ollie Shine', '490-128-2976', 'oshinew@altervista.org', 'D44');
INSERT INTO STAFF (STAFF_ID, STAFF_NAME, STAFF_CONTACT, STAFF_EMAIL, DEPARTMENT_ID) VALUES 
('S11038', 'Gerard Klampk', '613-817-6998', 'gklampkx@howstuffworks.com', 'D45');
INSERT INTO STAFF (STAFF_ID, STAFF_NAME, STAFF_CONTACT, STAFF_EMAIL, DEPARTMENT_ID) VALUES 
('S11039', 'Susette World', '783-909-2420', 'sworldy@goo.gl', 'D46');
INSERT INTO STAFF (STAFF_ID, STAFF_NAME, STAFF_CONTACT, STAFF_EMAIL, DEPARTMENT_ID) VALUES 
('S11040', 'Daron Sawyers', '817-671-8121', 'dsawyersz@nhs.uk', 'D48');
INSERT INTO STAFF (STAFF_ID, STAFF_NAME, STAFF_CONTACT, STAFF_EMAIL, DEPARTMENT_ID) VALUES 
('S110041', 'Penny Jacobson', '211-446-5355', 'pjacobson10@example.com', 'D47');
INSERT INTO STAFF (STAFF_ID, STAFF_NAME, STAFF_CONTACT, STAFF_EMAIL, DEPARTMENT_ID) VALUES 
('S11042', 'Cullan Rathborne', '411-463-5698', 'crathborne11@fema.gov', 'D48');
INSERT INTO STAFF (STAFF_ID, STAFF_NAME, STAFF_CONTACT, STAFF_EMAIL, DEPARTMENT_ID) VALUES 
('S11043', 'Alistair Harpham', '624-255-7409', 'aharpham12@edublogs.org', 'D49');
INSERT INTO STAFF (STAFF_ID, STAFF_NAME, STAFF_CONTACT, STAFF_EMAIL, DEPARTMENT_ID) VALUES 
('S11044', 'Lyndsie Purselowe', '269-876-1813', 'lpurselowe13@foxnews.com', 'D50');
INSERT INTO STAFF (STAFF_ID, STAFF_NAME, STAFF_CONTACT, STAFF_EMAIL, DEPARTMENT_ID) VALUES 
('S11045', 'Portia Fownes', '725-125-2316', 'pfownes14@loc.gov', 'D51');
INSERT INTO STAFF (STAFF_ID, STAFF_NAME, STAFF_CONTACT, STAFF_EMAIL, DEPARTMENT_ID) VALUES 
('S11046', 'Ursula Nock', '421-591-4181', 'unock15@bbc.co.uk', 'D52');
INSERT INTO STAFF (STAFF_ID, STAFF_NAME, STAFF_CONTACT, STAFF_EMAIL, DEPARTMENT_ID) VALUES 
('S11047', 'Fredi Beekman', '323-504-5951', 'fbeekman16@rediff.com', 'D53');
INSERT INTO STAFF (STAFF_ID, STAFF_NAME, STAFF_CONTACT, STAFF_EMAIL, DEPARTMENT_ID) VALUES 
('S11048', 'Boycey Aronson', '250-685-1467', 'baronson17@mlb.com', 'D54');
INSERT INTO STAFF (STAFF_ID, STAFF_NAME, STAFF_CONTACT, STAFF_EMAIL, DEPARTMENT_ID) VALUES 
('S11049', 'Berti Devennie', '911-212-0736', 'bdevennie18@dmoz.org', 'D55');
INSERT INTO STAFF (STAFF_ID, STAFF_NAME, STAFF_CONTACT, STAFF_EMAIL, DEPARTMENT_ID) VALUES 
('S11050', 'Claiborne Congdon', '962-742-5646', 'ccongdon19@jalbum.net', 'D56');
INSERT INTO STAFF (STAFF_ID, STAFF_NAME, STAFF_CONTACT, STAFF_EMAIL, DEPARTMENT_ID) VALUES 
('S11051', 'Brandon McMahon', '735-925-9444', 'bmcmahon1a@usnews.com', 'D57');
INSERT INTO STAFF (STAFF_ID, STAFF_NAME, STAFF_CONTACT, STAFF_EMAIL, DEPARTMENT_ID) VALUES 
('S11052', 'Lisbeth Rothera', '990-718-7357', 'lrothera1b@w3.org', 'D58');
INSERT INTO STAFF (STAFF_ID, STAFF_NAME, STAFF_CONTACT, STAFF_EMAIL, DEPARTMENT_ID) VALUES 
('S11053', 'Courtnay Diggins', '755-207-8535', 'cdiggins1c@joomla.org', 'D59');



INSERT INTO BED (BED_ID,BED_NO) VALUES ('A10','A10');
INSERT INTO BED (BED_ID,BED_NO) VALUES ('A11','A11');
INSERT INTO BED (BED_ID,BED_NO) VALUES ('A12','A12');
INSERT INTO BED (BED_ID,BED_NO) VALUES ('A13','A13');
INSERT INTO BED (BED_ID,BED_NO) VALUES ('A14','A14');
INSERT INTO BED (BED_ID,BED_NO) VALUES ('A15','A15');


INSERT INTO MEDICATION (MEDICATION_ID,MEDICATION_NAME,MEDICATION_BRAND,MEDICATION_DESCRIPTION) VALUES
(101,'Paracetamol','Panadol','Panadol');
INSERT INTO MEDICATION (MEDICATION_ID,MEDICATION_NAME,MEDICATION_BRAND,MEDICATION_DESCRIPTION) VALUES
(102,'Pulse','Atenolol','Pulse Tablet is used for the management of high blood pressure.');
INSERT INTO MEDICATION (MEDICATION_ID,MEDICATION_NAME,MEDICATION_BRAND,MEDICATION_DESCRIPTION) VALUES
(103,'Loprin','Aspirin','Loprin Tablet is used to reduce fever and mild to moderate pain from a headache, menstrual periods, cold, toothache, or muscle ache');
INSERT INTO MEDICATION (MEDICATION_ID,MEDICATION_NAME,MEDICATION_BRAND,MEDICATION_DESCRIPTION) VALUES
(104,'Nitromint','Nitromint','Nitromint Tablet works by relaxing the blood vessel and smooth muscles.');
INSERT INTO MEDICATION (MEDICATION_ID,MEDICATION_NAME,MEDICATION_BRAND,MEDICATION_DESCRIPTION) VALUES
(105,'Ascard','Aspirin','Aspirin');
INSERT INTO MEDICATION(MEDICATION_ID,MEDICATION_NAME,MEDICATION_BRAND,MEDICATION_DESCRIPTION) VALUES
(106,'AUGMENTIN','MODERNA','TREATS INFECTION');
INSERT INTO MEDICATION(MEDICATION_ID,MEDICATION_NAME,MEDICATION_BRAND,MEDICATION_DESCRIPTION) VALUES
(107,'IBUPROFEN','GLAXO SMITH','PAIN AND FEVER REDUCER');
INSERT INTO MEDICATION(MEDICATION_ID,MEDICATION_NAME,MEDICATION_BRAND,MEDICATION_DESCRIPTION) VALUES
(108,'AMOXICILIAN','DRREDDY','TREATS INFECTION');
INSERT INTO MEDICATION(MEDICATION_ID,MEDICATION_NAME,MEDICATION_BRAND,MEDICATION_DESCRIPTION) VALUES
(109,'Amphotericin B','MERCK','TREATS FUNGAL GROWTH');



INSERT INTO PATIENT (PATIENT_ID,PATIENT_NAME,PATIENT_GENDER,PATIENT_BIRTH_DATE,PATIENT_PHONE,PATIENT_ADDRESS,PATIENT_TYPE) VALUES
(1000,'Jeff Bezos','M', TO_DATE('1994-12-16', 'yyyy-MM-dd'),'222-111-0000','XYZ Street, ABC','Residential');
INSERT INTO PATIENT (PATIENT_ID,PATIENT_NAME,PATIENT_GENDER,PATIENT_BIRTH_DATE,PATIENT_PHONE,PATIENT_ADDRESS,PATIENT_TYPE) VALUES
(1001,'Bill Gates','M', TO_DATE('1991-03-23', 'yyyy-MM-dd'),'111-222-8899','XYZ Street, ABC','Out');
INSERT INTO PATIENT (PATIENT_ID,PATIENT_NAME,PATIENT_GENDER,PATIENT_BIRTH_DATE,PATIENT_PHONE,PATIENT_ADDRESS,PATIENT_TYPE) VALUES
(1002,'Martha Stewart','M', TO_DATE('1981-02-15', 'yyyy-MM-dd'),'212-111-9999','XYZ Street, ABC','Out');
INSERT INTO PATIENT (PATIENT_ID,PATIENT_NAME,PATIENT_GENDER,PATIENT_BIRTH_DATE,PATIENT_PHONE,PATIENT_ADDRESS,PATIENT_TYPE) VALUES
(1003,'John Cena','M', TO_DATE('1988-12-15', 'yyyy-MM-dd'),'212-101-1111','XYZ Street, ABC','Residential');
INSERT INTO PATIENT (PATIENT_ID,PATIENT_NAME,PATIENT_GENDER,PATIENT_BIRTH_DATE,PATIENT_PHONE,PATIENT_ADDRESS,PATIENT_TYPE) VALUES
(1004,'David Lee','M', TO_DATE('1995-11-29', 'yyyy-MM-dd'),'212-505-5050','XYZ Street, ABC','Residential');
INSERT INTO PATIENT (PATIENT_ID,PATIENT_NAME,PATIENT_GENDER,PATIENT_BIRTH_DATE,PATIENT_PHONE,PATIENT_ADDRESS,PATIENT_TYPE) VALUES
(1005,'Sundar Pichai','M', TO_DATE('1985-02-15', 'yyyy-MM-dd'),'212-002-0101','XYZ Street, ABC','Out');
INSERT INTO PATIENT (PATIENT_ID,PATIENT_NAME,PATIENT_GENDER,PATIENT_BIRTH_DATE,PATIENT_PHONE,PATIENT_ADDRESS,PATIENT_TYPE) VALUES
(1006,'Bobby Rye','M', TO_DATE('1985-02-15', 'yyyy-MM-dd'),'212-002-0101','XYZ Street, ABC','Out');
INSERT INTO PATIENT (PATIENT_ID,PATIENT_NAME,PATIENT_GENDER,PATIENT_BIRTH_DATE,PATIENT_PHONE,PATIENT_ADDRESS,PATIENT_TYPE) VALUES
(1007,'Bobby Lee','M', TO_DATE('1985-02-15', 'yyyy-MM-dd'),'212-002-0101','XYZ Street, ABC','Out');
INSERT INTO PATIENT (PATIENT_ID,PATIENT_NAME,PATIENT_GENDER,PATIENT_BIRTH_DATE,PATIENT_PHONE,PATIENT_ADDRESS,PATIENT_TYPE) VALUES
(1008,'Bobby Que','M', TO_DATE('1985-02-15', 'yyyy-MM-dd'),'212-002-0101','XYZ Street, ABC','Out');
INSERT INTO PATIENT (PATIENT_ID,PATIENT_NAME,PATIENT_GENDER,PATIENT_BIRTH_DATE,PATIENT_PHONE,PATIENT_ADDRESS,PATIENT_TYPE) VALUES
(1009,'Johson Rye','M', TO_DATE('1985-02-15', 'yyyy-MM-dd'),'212-002-0101','XYZ Street, ABC','Out');
INSERT INTO PATIENT (PATIENT_ID,PATIENT_NAME,PATIENT_GENDER,PATIENT_BIRTH_DATE,PATIENT_PHONE,PATIENT_ADDRESS,PATIENT_TYPE) VALUES
(1010,'Sponge Bob','M', TO_DATE('1985-02-15', 'yyyy-MM-dd'),'212-002-0101','XYZ Street, ABC','Out');
INSERT INTO PATIENT (PATIENT_ID,PATIENT_NAME,PATIENT_GENDER,PATIENT_BIRTH_DATE,PATIENT_PHONE,PATIENT_ADDRESS,PATIENT_TYPE) VALUES
(1011,'Squid Ward','M', TO_DATE('1985-02-15', 'yyyy-MM-dd'),'212-002-0101','XYZ Street, ABC','Out');
INSERT INTO PATIENT (PATIENT_ID,PATIENT_NAME,PATIENT_GENDER,PATIENT_BIRTH_DATE,PATIENT_PHONE,PATIENT_ADDRESS,PATIENT_TYPE) VALUES
(1012,'Mr Krabs','M', TO_DATE('1985-02-15', 'yyyy-MM-dd'),'212-002-0101','XYZ Street, ABC','Out');
INSERT INTO PATIENT (PATIENT_ID,PATIENT_NAME,PATIENT_GENDER,PATIENT_BIRTH_DATE,PATIENT_PHONE,PATIENT_ADDRESS,PATIENT_TYPE) VALUES
(1013,'John Cena','M', TO_DATE('1985-02-15', 'yyyy-MM-dd'),'212-002-0101','XYZ Street, ABC','Out');
INSERT INTO PATIENT (PATIENT_ID,PATIENT_NAME,PATIENT_GENDER,PATIENT_BIRTH_DATE,PATIENT_PHONE,PATIENT_ADDRESS,PATIENT_TYPE) VALUES
(1014,'Homer Simpson','M', TO_DATE('1994-12-16', 'yyyy-MM-dd'),'222-111-0000','XYZ Street, ABC','Residential');
INSERT INTO PATIENT (PATIENT_ID,PATIENT_NAME,PATIENT_GENDER,PATIENT_BIRTH_DATE,PATIENT_PHONE,PATIENT_ADDRESS,PATIENT_TYPE) VALUES
(1015,'Bart Simpson','M', TO_DATE('1994-12-16', 'yyyy-MM-dd'),'222-111-0000','XYZ Street, ABC','Residential');
INSERT INTO PATIENT (PATIENT_ID,PATIENT_NAME,PATIENT_GENDER,PATIENT_BIRTH_DATE,PATIENT_PHONE,PATIENT_ADDRESS,PATIENT_TYPE) VALUES
(1016,'Myron Langtree','M', TO_DATE('1994-12-16', 'yyyy-MM-dd'),'222-111-0000','XYZ Street, ABC','Residential');
INSERT INTO PATIENT (PATIENT_ID,PATIENT_NAME,PATIENT_GENDER,PATIENT_BIRTH_DATE,PATIENT_PHONE,PATIENT_ADDRESS,PATIENT_TYPE) VALUES
(1017,'Kaiser Huke','M', TO_DATE('1994-12-16', 'yyyy-MM-dd'),'222-111-0000','XYZ Street, ABC','Residential');
INSERT INTO PATIENT (PATIENT_ID,PATIENT_NAME,PATIENT_GENDER,PATIENT_BIRTH_DATE,PATIENT_PHONE,PATIENT_ADDRESS,PATIENT_TYPE) VALUES
(1018,'Petronella Proffer','M', TO_DATE('1994-12-16', 'yyyy-MM-dd'),'222-111-0000','XYZ Street, ABC','Residential');
INSERT INTO PATIENT (PATIENT_ID,PATIENT_NAME,PATIENT_GENDER,PATIENT_BIRTH_DATE,PATIENT_PHONE,PATIENT_ADDRESS,PATIENT_TYPE) VALUES
(1019,'Petronella Proffer','M', TO_DATE('1994-12-16', 'yyyy-MM-dd'),'222-111-0000','XYZ Street, ABC','Residential');
INSERT INTO PATIENT (PATIENT_ID,PATIENT_NAME,PATIENT_GENDER,PATIENT_BIRTH_DATE,PATIENT_PHONE,PATIENT_ADDRESS,PATIENT_TYPE) VALUES
(1020,'Link Kitchinham','M', TO_DATE('1994-12-16', 'yyyy-MM-dd'),'222-111-0000','XYZ Street, ABC','Residential');
INSERT INTO PATIENT (PATIENT_ID,PATIENT_NAME,PATIENT_GENDER,PATIENT_BIRTH_DATE,PATIENT_PHONE,PATIENT_ADDRESS,PATIENT_TYPE) VALUES
(1021,'Wendie Wyatt','M', TO_DATE('1994-12-16', 'yyyy-MM-dd'),'222-111-0000','XYZ Street, ABC','Residential');
INSERT INTO PATIENT (PATIENT_ID,PATIENT_NAME,PATIENT_GENDER,PATIENT_BIRTH_DATE,PATIENT_PHONE,PATIENT_ADDRESS,PATIENT_TYPE) VALUES
(1022,'Smith Josefowicz','M', TO_DATE('1994-12-16', 'yyyy-MM-dd'),'222-111-0000','XYZ Street, ABC','Residential');
INSERT INTO PATIENT (PATIENT_ID,PATIENT_NAME,PATIENT_GENDER,PATIENT_BIRTH_DATE,PATIENT_PHONE,PATIENT_ADDRESS,PATIENT_TYPE) VALUES
(1023,'Thor Bratt','M', TO_DATE('1994-12-16', 'yyyy-MM-dd'),'222-111-0000','XYZ Street, ABC','Residential');
INSERT INTO PATIENT (PATIENT_ID,PATIENT_NAME,PATIENT_GENDER,PATIENT_BIRTH_DATE,PATIENT_PHONE,PATIENT_ADDRESS,PATIENT_TYPE) VALUES
(1024,'Lothaire Jakovijevic','M', TO_DATE('1994-12-16', 'yyyy-MM-dd'),'222-111-0000','XYZ Street, ABC','Residential');



INSERT INTO OUT_PATIENT (PATIENT_ID,CHECKBACK_DATE) VALUES (1001,TO_DATE('2020-08-30', 'yyyy-MM-dd'));
INSERT INTO OUT_PATIENT (PATIENT_ID,CHECKBACK_DATE) VALUES (1001,TO_DATE('2020-09-30', 'yyyy-MM-dd'));
INSERT INTO OUT_PATIENT (PATIENT_ID,CHECKBACK_DATE) VALUES (1001,TO_DATE('2020-10-30', 'yyyy-MM-dd'));
INSERT INTO OUT_PATIENT (PATIENT_ID,CHECKBACK_DATE) VALUES (1002,TO_DATE('2020-10-30', 'yyyy-MM-dd'));
INSERT INTO OUT_PATIENT (PATIENT_ID,CHECKBACK_DATE) VALUES (1006,TO_DATE('2020-10-30', 'yyyy-MM-dd'));
INSERT INTO OUT_PATIENT (PATIENT_ID,CHECKBACK_DATE) VALUES (1007,TO_DATE('2020-11-30', 'yyyy-MM-dd'));
INSERT INTO OUT_PATIENT (PATIENT_ID,CHECKBACK_DATE) VALUES (1008,TO_DATE('2020-11-30', 'yyyy-MM-dd'));
INSERT INTO OUT_PATIENT (PATIENT_ID,CHECKBACK_DATE) VALUES (1009,TO_DATE('2020-12-30', 'yyyy-MM-dd'));
INSERT INTO OUT_PATIENT (PATIENT_ID,CHECKBACK_DATE) VALUES (1010,TO_DATE('2020-12-30', 'yyyy-MM-dd'));
INSERT INTO OUT_PATIENT (PATIENT_ID,CHECKBACK_DATE) VALUES (1011,TO_DATE('2020-12-30', 'yyyy-MM-dd'));
INSERT INTO OUT_PATIENT (PATIENT_ID,CHECKBACK_DATE) VALUES (1012,TO_DATE('2021-01-30', 'yyyy-MM-dd'));
INSERT INTO OUT_PATIENT (PATIENT_ID,CHECKBACK_DATE) VALUES (1013,TO_DATE('2021-01-30', 'yyyy-MM-dd'));


INSERT INTO RESIDENT_PATIENT (PATIENT_ID,DATE_DISCHARGED) VALUES (1000,TO_DATE('2020-08-01', 'yyyy-MM-dd'));
INSERT INTO RESIDENT_PATIENT (PATIENT_ID,DATE_DISCHARGED) VALUES (1003,TO_DATE('2020-07-15', 'yyyy-MM-dd'));
INSERT INTO RESIDENT_PATIENT (PATIENT_ID,DATE_DISCHARGED) VALUES (1004,TO_DATE('2020-07-01', 'yyyy-MM-dd'));
INSERT INTO RESIDENT_PATIENT (PATIENT_ID,DATE_DISCHARGED) VALUES (1004,TO_DATE('2020-07-15', 'yyyy-MM-dd'));
INSERT INTO RESIDENT_PATIENT (PATIENT_ID,DATE_DISCHARGED) VALUES (1004,TO_DATE('2020-07-20', 'yyyy-MM-dd'));
INSERT INTO RESIDENT_PATIENT (PATIENT_ID,DATE_DISCHARGED) VALUES (1014,TO_DATE('2020-08-01', 'yyyy-MM-dd'));
INSERT INTO RESIDENT_PATIENT (PATIENT_ID,DATE_DISCHARGED) VALUES (1015,TO_DATE('2020-07-15', 'yyyy-MM-dd'));
INSERT INTO RESIDENT_PATIENT (PATIENT_ID,DATE_DISCHARGED) VALUES (1016,TO_DATE('2020-08-01', 'yyyy-MM-dd'));
INSERT INTO RESIDENT_PATIENT (PATIENT_ID,DATE_DISCHARGED) VALUES (1017,TO_DATE('2020-08-01', 'yyyy-MM-dd'));
INSERT INTO RESIDENT_PATIENT (PATIENT_ID,DATE_DISCHARGED) VALUES (1018,TO_DATE('2020-08-01', 'yyyy-MM-dd'));
INSERT INTO RESIDENT_PATIENT (PATIENT_ID,DATE_DISCHARGED) VALUES (1019,TO_DATE('2020-08-01', 'yyyy-MM-dd'));
INSERT INTO RESIDENT_PATIENT (PATIENT_ID,DATE_DISCHARGED) VALUES (1020,TO_DATE('2020-08-01', 'yyyy-MM-dd'));
INSERT INTO RESIDENT_PATIENT (PATIENT_ID,DATE_DISCHARGED) VALUES (1021,TO_DATE('2020-08-01', 'yyyy-MM-dd'));
INSERT INTO RESIDENT_PATIENT (PATIENT_ID,DATE_DISCHARGED) VALUES (1022,TO_DATE('2020-08-01', 'yyyy-MM-dd'));
INSERT INTO RESIDENT_PATIENT (PATIENT_ID,DATE_DISCHARGED) VALUES (1023,TO_DATE('2020-08-01', 'yyyy-MM-dd'));
INSERT INTO RESIDENT_PATIENT (PATIENT_ID,DATE_DISCHARGED) VALUES (1024,TO_DATE('2020-08-01', 'yyyy-MM-dd'));



INSERT INTO PHYSICIAN (PHYSICIAN_ID,PHYSICIAN_NAME,PHYSICIAN_CONTACT,PHYSICIAN_EMAIL,DEPARTMENT_ID) VALUES
(1111,'John Smith','555-222-1122','john@smith.com','D10');
INSERT INTO PHYSICIAN (PHYSICIAN_ID,PHYSICIAN_NAME,PHYSICIAN_CONTACT,PHYSICIAN_EMAIL,DEPARTMENT_ID) VALUES
(2222,'Derek Shepherd','212-111-0909','john@Warner.com','D10');
INSERT INTO PHYSICIAN (PHYSICIAN_ID,PHYSICIAN_NAME,PHYSICIAN_CONTACT,PHYSICIAN_EMAIL,DEPARTMENT_ID) VALUES
(3333,'Keisha Hatchett','212-111-0101','joe@root.com','D13');
INSERT INTO PHYSICIAN (PHYSICIAN_ID,PHYSICIAN_NAME,PHYSICIAN_CONTACT,PHYSICIAN_EMAIL,DEPARTMENT_ID) VALUES
(4444,'Bill Nye','212-020-0202','Domnic@Sibley.com','D13');
INSERT INTO PHYSICIAN (PHYSICIAN_ID,PHYSICIAN_NAME,PHYSICIAN_CONTACT,PHYSICIAN_EMAIL,DEPARTMENT_ID) VALUES
(5555,'Sam Curren','212-030-0303','Sam@Curren.com','D13');
INSERT INTO PHYSICIAN (PHYSICIAN_ID,PHYSICIAN_NAME,PHYSICIAN_CONTACT,PHYSICIAN_EMAIL,DEPARTMENT_ID) VALUES
(6666,'Doctor Murphey','212-030-0303','doctor@murphey.com','D14');
INSERT INTO PHYSICIAN (PHYSICIAN_ID,PHYSICIAN_NAME,PHYSICIAN_CONTACT,PHYSICIAN_EMAIL,DEPARTMENT_ID) VALUES
(7777,'Mickey Mouse','212-030-0303','Mickey@Mouse.com','D15');
INSERT INTO PHYSICIAN (PHYSICIAN_ID,PHYSICIAN_NAME,PHYSICIAN_CONTACT,PHYSICIAN_EMAIL,DEPARTMENT_ID) VALUES
(8888,'Donald Duck','212-030-0303','donald@duck.com','D16');
INSERT INTO PHYSICIAN (PHYSICIAN_ID,PHYSICIAN_NAME,PHYSICIAN_CONTACT,PHYSICIAN_EMAIL,DEPARTMENT_ID) VALUES
(9999,'Tweety Bird','212-030-0303','tweety@bird.com','D17');
INSERT INTO PHYSICIAN (PHYSICIAN_ID,PHYSICIAN_NAME,PHYSICIAN_CONTACT,PHYSICIAN_EMAIL,DEPARTMENT_ID) VALUES
(11111,'Giordano Crisall','555-222-1122','gcrisall0@e-recht24.de','D18');
INSERT INTO PHYSICIAN (PHYSICIAN_ID,PHYSICIAN_NAME,PHYSICIAN_CONTACT,PHYSICIAN_EMAIL,DEPARTMENT_ID) VALUES
(22222,'Catriona Frissell','212-111-0909','john@Warner.com','D18');
INSERT INTO PHYSICIAN (PHYSICIAN_ID,PHYSICIAN_NAME,PHYSICIAN_CONTACT,PHYSICIAN_EMAIL,DEPARTMENT_ID) VALUES
(33333,'Rodi Coomber','212-111-0101','joe@root.com','D19');
INSERT INTO PHYSICIAN (PHYSICIAN_ID,PHYSICIAN_NAME,PHYSICIAN_CONTACT,PHYSICIAN_EMAIL,DEPARTMENT_ID) VALUES
(44444,'Dwight Greathead','212-020-0202','Domnic@Sibley.com','D20');
INSERT INTO PHYSICIAN (PHYSICIAN_ID,PHYSICIAN_NAME,PHYSICIAN_CONTACT,PHYSICIAN_EMAIL,DEPARTMENT_ID) VALUES
(55555,'Sunshine Shea','212-030-0303','Sam@Curren.com','D21');
INSERT INTO PHYSICIAN (PHYSICIAN_ID,PHYSICIAN_NAME,PHYSICIAN_CONTACT,PHYSICIAN_EMAIL,DEPARTMENT_ID) VALUES
(66666,'Dion Shillaker','212-030-0303','doctor@murphey.com','D22');
INSERT INTO PHYSICIAN (PHYSICIAN_ID,PHYSICIAN_NAME,PHYSICIAN_CONTACT,PHYSICIAN_EMAIL,DEPARTMENT_ID) VALUES
(77777,'Bekki Pinkney','212-030-0303','Mickey@Mouse.com','D23');
INSERT INTO PHYSICIAN (PHYSICIAN_ID,PHYSICIAN_NAME,PHYSICIAN_CONTACT,PHYSICIAN_EMAIL,DEPARTMENT_ID) VALUES
(88888,'Dennie Bourdis','212-030-0303','donald@duck.com','D24');
INSERT INTO PHYSICIAN (PHYSICIAN_ID,PHYSICIAN_NAME,PHYSICIAN_CONTACT,PHYSICIAN_EMAIL,DEPARTMENT_ID) VALUES
(99999,'Karil Shields','212-030-0303','tweety@bird.com','D25');
INSERT INTO PHYSICIAN (PHYSICIAN_ID,PHYSICIAN_NAME,PHYSICIAN_CONTACT,PHYSICIAN_EMAIL,DEPARTMENT_ID) VALUES
(111111,'Efren Norster','555-222-1122','gcrisall0@e-recht24.de','D25');
INSERT INTO PHYSICIAN (PHYSICIAN_ID,PHYSICIAN_NAME,PHYSICIAN_CONTACT,PHYSICIAN_EMAIL,DEPARTMENT_ID) VALUES
(222222,'Yetty Kegg','212-111-0909','john@Warner.com','D26');
INSERT INTO PHYSICIAN (PHYSICIAN_ID,PHYSICIAN_NAME,PHYSICIAN_CONTACT,PHYSICIAN_EMAIL,DEPARTMENT_ID) VALUES
(333333,'Stace Emmines','212-111-0101','joe@root.com','D27');
INSERT INTO PHYSICIAN (PHYSICIAN_ID,PHYSICIAN_NAME,PHYSICIAN_CONTACT,PHYSICIAN_EMAIL,DEPARTMENT_ID) VALUES
(444444,'Bogey Cawthorn','212-020-0202','Domnic@Sibley.com','D28');
INSERT INTO PHYSICIAN (PHYSICIAN_ID,PHYSICIAN_NAME,PHYSICIAN_CONTACT,PHYSICIAN_EMAIL,DEPARTMENT_ID) VALUES
(555555,'Ilka Stud','212-030-0303','Sam@Curren.com','D29');
INSERT INTO PHYSICIAN (PHYSICIAN_ID,PHYSICIAN_NAME,PHYSICIAN_CONTACT,PHYSICIAN_EMAIL,DEPARTMENT_ID) VALUES
(666666,'DMarty Georghiou','212-030-0303','doctor@murphey.com','D30');
INSERT INTO PHYSICIAN (PHYSICIAN_ID,PHYSICIAN_NAME,PHYSICIAN_CONTACT,PHYSICIAN_EMAIL,DEPARTMENT_ID) VALUES
(777777,'Selia Hambly','212-030-0303','Mickey@Mouse.com','D31');
INSERT INTO PHYSICIAN (PHYSICIAN_ID,PHYSICIAN_NAME,PHYSICIAN_CONTACT,PHYSICIAN_EMAIL,DEPARTMENT_ID) VALUES
(888888,'Werner Grinham','212-030-0303','donald@duck.com','D32');
INSERT INTO PHYSICIAN (PHYSICIAN_ID,PHYSICIAN_NAME,PHYSICIAN_CONTACT,PHYSICIAN_EMAIL,DEPARTMENT_ID) VALUES
(999999,'Vivie Filewood','212-030-0303','tweety@bird.com','D33');
INSERT INTO PHYSICIAN (PHYSICIAN_ID,PHYSICIAN_NAME,PHYSICIAN_CONTACT,PHYSICIAN_EMAIL,DEPARTMENT_ID) VALUES
(1111111,'Lydon Colloff','555-222-1122','gcrisall0@e-recht24.de','D34');
INSERT INTO PHYSICIAN (PHYSICIAN_ID,PHYSICIAN_NAME,PHYSICIAN_CONTACT,PHYSICIAN_EMAIL,DEPARTMENT_ID) VALUES
(2222222,'Kattie Paulson','212-111-0909','john@Warner.com','D35');
INSERT INTO PHYSICIAN (PHYSICIAN_ID,PHYSICIAN_NAME,PHYSICIAN_CONTACT,PHYSICIAN_EMAIL,DEPARTMENT_ID) VALUES
(3333333,'Athene Whithalgh','212-111-0101','joe@root.com','D36');
INSERT INTO PHYSICIAN (PHYSICIAN_ID,PHYSICIAN_NAME,PHYSICIAN_CONTACT,PHYSICIAN_EMAIL,DEPARTMENT_ID) VALUES
(4444444,'Christopher Morriss','212-020-0202','Domnic@Sibley.com','D37');
INSERT INTO PHYSICIAN (PHYSICIAN_ID,PHYSICIAN_NAME,PHYSICIAN_CONTACT,PHYSICIAN_EMAIL,DEPARTMENT_ID) VALUES
(5555555,'Ximenes Kew','212-030-0303','Sam@Curren.com','D38');
INSERT INTO PHYSICIAN (PHYSICIAN_ID,PHYSICIAN_NAME,PHYSICIAN_CONTACT,PHYSICIAN_EMAIL,DEPARTMENT_ID) VALUES
(6666666,'Tuck Besset','212-030-0303','doctor@murphey.com','D39');
INSERT INTO PHYSICIAN (PHYSICIAN_ID,PHYSICIAN_NAME,PHYSICIAN_CONTACT,PHYSICIAN_EMAIL,DEPARTMENT_ID) VALUES
(7777777,'Debi Currer','212-030-0303','Mickey@Mouse.com','D40');
INSERT INTO PHYSICIAN (PHYSICIAN_ID,PHYSICIAN_NAME,PHYSICIAN_CONTACT,PHYSICIAN_EMAIL,DEPARTMENT_ID) VALUES
(8888888,'Vachel Shoebottom','212-030-0303','donald@duck.com','D41');
INSERT INTO PHYSICIAN (PHYSICIAN_ID,PHYSICIAN_NAME,PHYSICIAN_CONTACT,PHYSICIAN_EMAIL,DEPARTMENT_ID) VALUES
(9999999,'Heloise Moxon','212-030-0303','tweety@bird.com','D42');
INSERT INTO PHYSICIAN (PHYSICIAN_ID,PHYSICIAN_NAME,PHYSICIAN_CONTACT,PHYSICIAN_EMAIL,DEPARTMENT_ID) VALUES
(11111111,'Lydon Colloff','555-222-1122','gcrisall0@e-recht24.de','D43');
INSERT INTO PHYSICIAN (PHYSICIAN_ID,PHYSICIAN_NAME,PHYSICIAN_CONTACT,PHYSICIAN_EMAIL,DEPARTMENT_ID) VALUES
(22222222,'Kattie Paulson','212-111-0909','john@Warner.com','D45');
INSERT INTO PHYSICIAN (PHYSICIAN_ID,PHYSICIAN_NAME,PHYSICIAN_CONTACT,PHYSICIAN_EMAIL,DEPARTMENT_ID) VALUES
(33333333,'Athene Whithalgh','212-111-0101','joe@root.com','D46');
INSERT INTO PHYSICIAN (PHYSICIAN_ID,PHYSICIAN_NAME,PHYSICIAN_CONTACT,PHYSICIAN_EMAIL,DEPARTMENT_ID) VALUES
(44444444,'Christopher Morriss','212-020-0202','Domnic@Sibley.com','D47');
INSERT INTO PHYSICIAN (PHYSICIAN_ID,PHYSICIAN_NAME,PHYSICIAN_CONTACT,PHYSICIAN_EMAIL,DEPARTMENT_ID) VALUES
(55555555,'Ximenes Kew','212-030-0303','Sam@Curren.com','D48');
INSERT INTO PHYSICIAN (PHYSICIAN_ID,PHYSICIAN_NAME,PHYSICIAN_CONTACT,PHYSICIAN_EMAIL,DEPARTMENT_ID) VALUES
(66666666,'Tuck Besset','212-030-0303','doctor@murphey.com','D49');
INSERT INTO PHYSICIAN (PHYSICIAN_ID,PHYSICIAN_NAME,PHYSICIAN_CONTACT,PHYSICIAN_EMAIL,DEPARTMENT_ID) VALUES
(77777777,'Debi Currer','212-030-0303','Mickey@Mouse.com','D50');
INSERT INTO PHYSICIAN (PHYSICIAN_ID,PHYSICIAN_NAME,PHYSICIAN_CONTACT,PHYSICIAN_EMAIL,DEPARTMENT_ID) VALUES
(88888888,'Vachel Shoebottom','212-030-0303','donald@duck.com','D51');
INSERT INTO PHYSICIAN (PHYSICIAN_ID,PHYSICIAN_NAME,PHYSICIAN_CONTACT,PHYSICIAN_EMAIL,DEPARTMENT_ID) VALUES
(99999999,'Heloise Moxon','212-030-0303','tweety@bird.com','D52');
INSERT INTO PHYSICIAN (PHYSICIAN_ID,PHYSICIAN_NAME,PHYSICIAN_CONTACT,PHYSICIAN_EMAIL,DEPARTMENT_ID) VALUES
(111111111,'John Smith','555-222-1122','john@smith.com','D53');
INSERT INTO PHYSICIAN (PHYSICIAN_ID,PHYSICIAN_NAME,PHYSICIAN_CONTACT,PHYSICIAN_EMAIL,DEPARTMENT_ID) VALUES
(222222222,'Derek Shepherd','212-111-0909','john@Warner.com','D54');
INSERT INTO PHYSICIAN (PHYSICIAN_ID,PHYSICIAN_NAME,PHYSICIAN_CONTACT,PHYSICIAN_EMAIL,DEPARTMENT_ID) VALUES
(333333333,'Keisha Hatchett','212-111-0101','joe@root.com','D55');
INSERT INTO PHYSICIAN (PHYSICIAN_ID,PHYSICIAN_NAME,PHYSICIAN_CONTACT,PHYSICIAN_EMAIL,DEPARTMENT_ID) VALUES
(444444444,'Bill Nye','212-020-0202','Domnic@Sibley.com','D56');
INSERT INTO PHYSICIAN (PHYSICIAN_ID,PHYSICIAN_NAME,PHYSICIAN_CONTACT,PHYSICIAN_EMAIL,DEPARTMENT_ID) VALUES
(555555555,'Sam Curren','212-030-0303','Sam@Curren.com','D57');
INSERT INTO PHYSICIAN (PHYSICIAN_ID,PHYSICIAN_NAME,PHYSICIAN_CONTACT,PHYSICIAN_EMAIL,DEPARTMENT_ID) VALUES
(666666666,'Doctor Murphey','212-030-0303','doctor@murphey.com','D58');
INSERT INTO PHYSICIAN (PHYSICIAN_ID,PHYSICIAN_NAME,PHYSICIAN_CONTACT,PHYSICIAN_EMAIL,DEPARTMENT_ID) VALUES
(777777777,'Mickey Mouse','212-030-0303','Mickey@Mouse.com','D59');
INSERT INTO PHYSICIAN (PHYSICIAN_ID,PHYSICIAN_NAME,PHYSICIAN_CONTACT,PHYSICIAN_EMAIL,DEPARTMENT_ID) VALUES
(888888888,'Donald Duck','212-030-0303','donald@duck.com','D55');
INSERT INTO PHYSICIAN (PHYSICIAN_ID,PHYSICIAN_NAME,PHYSICIAN_CONTACT,PHYSICIAN_EMAIL,DEPARTMENT_ID) VALUES
(999999999,'Tweety Bird','212-030-0303','tweety@bird.com','D52');



INSERT INTO ADMISSIONS (ADMISSION_ID,PATIENT_ID,ADMISSION_DATE,DISCHARGE_DATE,DEPARTMENT_ID,BED_ID) VALUES
(101,1000,TO_DATE('2020-07-25', 'yyyy-MM-dd'),TO_DATE('2020-08-01', 'yyyy-MM-dd'),'D10','A10');
INSERT INTO ADMISSIONS (ADMISSION_ID,PATIENT_ID,ADMISSION_DATE,DISCHARGE_DATE,DEPARTMENT_ID,BED_ID) VALUES
(102,1002,TO_DATE('2020-07-25', 'yyyy-MM-dd'),TO_DATE('2020-08-01', 'yyyy-MM-dd'),'D10','A11');
INSERT INTO ADMISSIONS (ADMISSION_ID,PATIENT_ID,ADMISSION_DATE,DISCHARGE_DATE,DEPARTMENT_ID,BED_ID) VALUES
(103,1003,TO_DATE('2020-08-01', 'yyyy-MM-dd'),TO_DATE('2020-08-05', 'yyyy-MM-dd'),'D13','A12');
INSERT INTO ADMISSIONS (ADMISSION_ID,PATIENT_ID,ADMISSION_DATE,DISCHARGE_DATE,DEPARTMENT_ID,BED_ID) VALUES
(104,1004,TO_DATE('2020-07-25', 'yyyy-MM-dd'),TO_DATE('2020-08-01', 'yyyy-MM-dd'),'D13','A14');
INSERT INTO ADMISSIONS (ADMISSION_ID,PATIENT_ID,ADMISSION_DATE,DISCHARGE_DATE,DEPARTMENT_ID,BED_ID) VALUES
(105,1005,TO_DATE('2020-07-25', 'yyyy-MM-dd'),TO_DATE('2020-08-01', 'yyyy-MM-dd'),'D13','A15');
INSERT INTO ADMISSIONS (ADMISSION_ID,PATIENT_ID,ADMISSION_DATE,DISCHARGE_DATE,DEPARTMENT_ID,BED_ID) VALUES
(106,1006,TO_DATE('2020-07-25', 'yyyy-MM-dd'),TO_DATE('2020-08-01', 'yyyy-MM-dd'),'D14','A10');
INSERT INTO ADMISSIONS (ADMISSION_ID,PATIENT_ID,ADMISSION_DATE,DISCHARGE_DATE,DEPARTMENT_ID,BED_ID) VALUES
(107,1007,TO_DATE('2020-07-25', 'yyyy-MM-dd'),TO_DATE('2020-08-01', 'yyyy-MM-dd'),'D15','A11');
INSERT INTO ADMISSIONS (ADMISSION_ID,PATIENT_ID,ADMISSION_DATE,DISCHARGE_DATE,DEPARTMENT_ID,BED_ID) VALUES
(108,1008,TO_DATE('2020-08-01', 'yyyy-MM-dd'),TO_DATE('2020-08-05', 'yyyy-MM-dd'),'D16','A12');
INSERT INTO ADMISSIONS (ADMISSION_ID,PATIENT_ID,ADMISSION_DATE,DISCHARGE_DATE,DEPARTMENT_ID,BED_ID) VALUES
(109,1009,TO_DATE('2020-07-25', 'yyyy-MM-dd'),TO_DATE('2020-08-01', 'yyyy-MM-dd'),'D17','A14');
INSERT INTO ADMISSIONS (ADMISSION_ID,PATIENT_ID,ADMISSION_DATE,DISCHARGE_DATE,DEPARTMENT_ID,BED_ID) VALUES
(110,1010,TO_DATE('2020-07-25', 'yyyy-MM-dd'),TO_DATE('2020-08-01', 'yyyy-MM-dd'),'D18','A15');
INSERT INTO ADMISSIONS (ADMISSION_ID,PATIENT_ID,ADMISSION_DATE,DISCHARGE_DATE,DEPARTMENT_ID,BED_ID) VALUES
(111,1011,TO_DATE('2020-07-25', 'yyyy-MM-dd'),TO_DATE('2020-08-01', 'yyyy-MM-dd'),'D19','A10');
INSERT INTO ADMISSIONS (ADMISSION_ID,PATIENT_ID,ADMISSION_DATE,DISCHARGE_DATE,DEPARTMENT_ID,BED_ID) VALUES
(112,1012,TO_DATE('2020-07-25', 'yyyy-MM-dd'),TO_DATE('2020-08-01', 'yyyy-MM-dd'),'D20','A11');
INSERT INTO ADMISSIONS (ADMISSION_ID,PATIENT_ID,ADMISSION_DATE,DISCHARGE_DATE,DEPARTMENT_ID,BED_ID) VALUES
(113,1013,TO_DATE('2020-08-01', 'yyyy-MM-dd'),TO_DATE('2020-08-05', 'yyyy-MM-dd'),'D23','A12');
INSERT INTO ADMISSIONS (ADMISSION_ID,PATIENT_ID,ADMISSION_DATE,DISCHARGE_DATE,DEPARTMENT_ID,BED_ID) VALUES
(114,1014,TO_DATE('2020-07-25', 'yyyy-MM-dd'),TO_DATE('2020-08-01', 'yyyy-MM-dd'),'D24','A14');
INSERT INTO ADMISSIONS (ADMISSION_ID,PATIENT_ID,ADMISSION_DATE,DISCHARGE_DATE,DEPARTMENT_ID,BED_ID) VALUES
(115,1015,TO_DATE('2020-07-25', 'yyyy-MM-dd'),TO_DATE('2020-08-01', 'yyyy-MM-dd'),'D25','A15');
INSERT INTO ADMISSIONS (ADMISSION_ID,PATIENT_ID,ADMISSION_DATE,DISCHARGE_DATE,DEPARTMENT_ID,BED_ID) VALUES
(116,1016,TO_DATE('2020-07-25', 'yyyy-MM-dd'),TO_DATE('2020-08-01', 'yyyy-MM-dd'),'D26','A10');
INSERT INTO ADMISSIONS (ADMISSION_ID,PATIENT_ID,ADMISSION_DATE,DISCHARGE_DATE,DEPARTMENT_ID,BED_ID) VALUES
(117,1017,TO_DATE('2020-07-25', 'yyyy-MM-dd'),TO_DATE('2020-08-01', 'yyyy-MM-dd'),'D27','A11');
INSERT INTO ADMISSIONS (ADMISSION_ID,PATIENT_ID,ADMISSION_DATE,DISCHARGE_DATE,DEPARTMENT_ID,BED_ID) VALUES
(118,1018,TO_DATE('2020-08-01', 'yyyy-MM-dd'),TO_DATE('2020-08-05', 'yyyy-MM-dd'),'D29','A12');
INSERT INTO ADMISSIONS (ADMISSION_ID,PATIENT_ID,ADMISSION_DATE,DISCHARGE_DATE,DEPARTMENT_ID,BED_ID) VALUES
(119,1019,TO_DATE('2020-07-25', 'yyyy-MM-dd'),TO_DATE('2020-08-01', 'yyyy-MM-dd'),'D30','A14');
INSERT INTO ADMISSIONS (ADMISSION_ID,PATIENT_ID,ADMISSION_DATE,DISCHARGE_DATE,DEPARTMENT_ID,BED_ID) VALUES
(120,1020,TO_DATE('2020-07-25', 'yyyy-MM-dd'),TO_DATE('2020-08-01', 'yyyy-MM-dd'),'D33','A15');
INSERT INTO ADMISSIONS (ADMISSION_ID,PATIENT_ID,ADMISSION_DATE,DISCHARGE_DATE,DEPARTMENT_ID,BED_ID) VALUES
(121,1021,TO_DATE('2020-07-25', 'yyyy-MM-dd'),TO_DATE('2020-08-01', 'yyyy-MM-dd'),'D40','A10');
INSERT INTO ADMISSIONS (ADMISSION_ID,PATIENT_ID,ADMISSION_DATE,DISCHARGE_DATE,DEPARTMENT_ID,BED_ID) VALUES
(122,1022,TO_DATE('2020-07-25', 'yyyy-MM-dd'),TO_DATE('2020-08-01', 'yyyy-MM-dd'),'D42','A11');
INSERT INTO ADMISSIONS (ADMISSION_ID,PATIENT_ID,ADMISSION_DATE,DISCHARGE_DATE,DEPARTMENT_ID,BED_ID) VALUES
(123,1023,TO_DATE('2020-08-01', 'yyyy-MM-dd'),TO_DATE('2020-08-05', 'yyyy-MM-dd'),'D43','A12');
INSERT INTO ADMISSIONS (ADMISSION_ID,PATIENT_ID,ADMISSION_DATE,DISCHARGE_DATE,DEPARTMENT_ID,BED_ID) VALUES
(124,1024,TO_DATE('2020-07-25', 'yyyy-MM-dd'),TO_DATE('2020-08-01', 'yyyy-MM-dd'),'D53','A14');



INSERT INTO APPOINTMENT (APPOINTMENT_ID,PATIENT_ID,PHYSICIAN_ID,START_DT,END_DT,ROOM_ID) VALUES
(1,1000,1111, TO_DATE('2020-08-04 09:00', 'yyyy-MM-dd hh:mi'),TO_DATE('2020-08-04 12:00', 'yyyy-MM-dd hh:mi'), 1);
INSERT INTO APPOINTMENT (APPOINTMENT_ID,PATIENT_ID,PHYSICIAN_ID,START_DT,END_DT,ROOM_ID) VALUES
(2,1000,1111, TO_DATE('2020-08-10 09:00', 'yyyy-MM-dd hh:mi'),NULL, 3);
INSERT INTO APPOINTMENT (APPOINTMENT_ID,PATIENT_ID,PHYSICIAN_ID,START_DT,END_DT,ROOM_ID) VALUES
(3,1000,2222, TO_DATE('2020-08-10 10:00', 'yyyy-MM-dd hh:mi'),NULL, 4);
INSERT INTO APPOINTMENT (APPOINTMENT_ID,PATIENT_ID,PHYSICIAN_ID,START_DT,END_DT,ROOM_ID) VALUES
(4,1002,3333, TO_DATE('2020-08-10 10:00', 'yyyy-MM-dd hh:mi'),NULL, 5);
INSERT INTO APPOINTMENT (APPOINTMENT_ID,PATIENT_ID,PHYSICIAN_ID,START_DT,END_DT,ROOM_ID) VALUES
(5,1003,4444, TO_DATE('2020-08-15 10:00', 'yyyy-MM-dd hh:mi'),NULL, 5);
INSERT INTO APPOINTMENT (APPOINTMENT_ID,PATIENT_ID,PHYSICIAN_ID,START_DT,END_DT,ROOM_ID) VALUES
(6,1003,5555, TO_DATE('2020-08-16 10:00', 'yyyy-MM-dd hh:mi'),NULL, 10);
INSERT INTO APPOINTMENT (APPOINTMENT_ID,PATIENT_ID,PHYSICIAN_ID,START_DT,END_DT,ROOM_ID) VALUES
(7,1004,3333, TO_DATE('2020-08-04 09:00', 'yyyy-MM-dd hh:mi'),TO_DATE('2020-08-04 12:00', 'yyyy-MM-dd hh:mi'), 1);
INSERT INTO APPOINTMENT (APPOINTMENT_ID,PATIENT_ID,PHYSICIAN_ID,START_DT,END_DT,ROOM_ID) VALUES
(8,1005,3333, TO_DATE('2020-08-10 09:00', 'yyyy-MM-dd hh:mi'),NULL, 3);
INSERT INTO APPOINTMENT (APPOINTMENT_ID,PATIENT_ID,PHYSICIAN_ID,START_DT,END_DT,ROOM_ID) VALUES
(9,1006,2222, TO_DATE('2020-08-10 10:00', 'yyyy-MM-dd hh:mi'),NULL, 4);
INSERT INTO APPOINTMENT (APPOINTMENT_ID,PATIENT_ID,PHYSICIAN_ID,START_DT,END_DT,ROOM_ID) VALUES
(10,1007,3333, TO_DATE('2020-08-10 10:00', 'yyyy-MM-dd hh:mi'),NULL, 5);
INSERT INTO APPOINTMENT (APPOINTMENT_ID,PATIENT_ID,PHYSICIAN_ID,START_DT,END_DT,ROOM_ID) VALUES
(11,1008,4444, TO_DATE('2020-08-15 10:00', 'yyyy-MM-dd hh:mi'),NULL, 5);
INSERT INTO APPOINTMENT (APPOINTMENT_ID,PATIENT_ID,PHYSICIAN_ID,START_DT,END_DT,ROOM_ID) VALUES
(12,1009,5555, TO_DATE('2020-08-16 10:00', 'yyyy-MM-dd hh:mi'),NULL, 10);
INSERT INTO APPOINTMENT (APPOINTMENT_ID,PATIENT_ID,PHYSICIAN_ID,START_DT,END_DT,ROOM_ID) VALUES
(13,1010,11111, TO_DATE('2020-08-04 09:00', 'yyyy-MM-dd hh:mi'),TO_DATE('2020-08-04 12:00', 'yyyy-MM-dd hh:mi'), 1);
INSERT INTO APPOINTMENT (APPOINTMENT_ID,PATIENT_ID,PHYSICIAN_ID,START_DT,END_DT,ROOM_ID) VALUES
(14,1011,33333, TO_DATE('2020-08-10 09:00', 'yyyy-MM-dd hh:mi'),NULL, 3);
INSERT INTO APPOINTMENT (APPOINTMENT_ID,PATIENT_ID,PHYSICIAN_ID,START_DT,END_DT,ROOM_ID) VALUES
(15,1012,44444, TO_DATE('2020-08-10 10:00', 'yyyy-MM-dd hh:mi'),NULL, 4);
INSERT INTO APPOINTMENT (APPOINTMENT_ID,PATIENT_ID,PHYSICIAN_ID,START_DT,END_DT,ROOM_ID) VALUES
(16,1013,77777, TO_DATE('2020-08-10 10:00', 'yyyy-MM-dd hh:mi'),NULL, 5);
INSERT INTO APPOINTMENT (APPOINTMENT_ID,PATIENT_ID,PHYSICIAN_ID,START_DT,END_DT,ROOM_ID) VALUES
(17,1014,88888, TO_DATE('2020-08-15 10:00', 'yyyy-MM-dd hh:mi'),NULL, 5);
INSERT INTO APPOINTMENT (APPOINTMENT_ID,PATIENT_ID,PHYSICIAN_ID,START_DT,END_DT,ROOM_ID) VALUES
(18,1015,99999, TO_DATE('2020-08-04 09:00', 'yyyy-MM-dd hh:mi'),TO_DATE('2020-08-04 12:00', 'yyyy-MM-dd hh:mi'), 1);
INSERT INTO APPOINTMENT (APPOINTMENT_ID,PATIENT_ID,PHYSICIAN_ID,START_DT,END_DT,ROOM_ID) VALUES
(19,1016,222222, TO_DATE('2020-08-10 09:00', 'yyyy-MM-dd hh:mi'),NULL, 3);
INSERT INTO APPOINTMENT (APPOINTMENT_ID,PATIENT_ID,PHYSICIAN_ID,START_DT,END_DT,ROOM_ID) VALUES
(20,1017,333333, TO_DATE('2020-08-10 10:00', 'yyyy-MM-dd hh:mi'),NULL, 4);
INSERT INTO APPOINTMENT (APPOINTMENT_ID,PATIENT_ID,PHYSICIAN_ID,START_DT,END_DT,ROOM_ID) VALUES
(21,1018,555555, TO_DATE('2020-08-10 10:00', 'yyyy-MM-dd hh:mi'),NULL, 5);
INSERT INTO APPOINTMENT (APPOINTMENT_ID,PATIENT_ID,PHYSICIAN_ID,START_DT,END_DT,ROOM_ID) VALUES
(22,1019,666666, TO_DATE('2020-08-15 10:00', 'yyyy-MM-dd hh:mi'),NULL, 5);
INSERT INTO APPOINTMENT (APPOINTMENT_ID,PATIENT_ID,PHYSICIAN_ID,START_DT,END_DT,ROOM_ID) VALUES
(23,1020,999999, TO_DATE('2020-08-04 09:00', 'yyyy-MM-dd hh:mi'),TO_DATE('2020-08-04 12:00', 'yyyy-MM-dd hh:mi'), 1);
INSERT INTO APPOINTMENT (APPOINTMENT_ID,PATIENT_ID,PHYSICIAN_ID,START_DT,END_DT,ROOM_ID) VALUES
(24,1021,7777777, TO_DATE('2020-08-10 09:00', 'yyyy-MM-dd hh:mi'),NULL, 3);
INSERT INTO APPOINTMENT (APPOINTMENT_ID,PATIENT_ID,PHYSICIAN_ID,START_DT,END_DT,ROOM_ID) VALUES
(25,1022,9999999, TO_DATE('2020-08-10 10:00', 'yyyy-MM-dd hh:mi'),NULL, 4);
INSERT INTO APPOINTMENT (APPOINTMENT_ID,PATIENT_ID,PHYSICIAN_ID,START_DT,END_DT,ROOM_ID) VALUES
(26,1023,11111111, TO_DATE('2020-08-10 10:00', 'yyyy-MM-dd hh:mi'),NULL, 5);
INSERT INTO APPOINTMENT (APPOINTMENT_ID,PATIENT_ID,PHYSICIAN_ID,START_DT,END_DT,ROOM_ID) VALUES
(27,1024,111111111, TO_DATE('2020-08-15 10:00', 'yyyy-MM-dd hh:mi'),NULL, 5);


INSERT INTO PATIENT_MEDICATION(PATIENT_MEDICATION_ID,PATIENT_ID,PHYSICIAN_ID,MEDICATION_ID,PATIENT_PRESCRIPTION,DOES) VALUES
(11,1000,1111,101,'Take 2 tablets, 3 times a day for 10 days', '2 Tablets');
INSERT INTO PATIENT_MEDICATION(PATIENT_MEDICATION_ID,PATIENT_ID,PHYSICIAN_ID,MEDICATION_ID,PATIENT_PRESCRIPTION,DOES) VALUES
(15,1000,1111,102,'Take 2 tablets, 3 times a day for 7 days', '2 Tablets');
INSERT INTO PATIENT_MEDICATION(PATIENT_MEDICATION_ID,PATIENT_ID,PHYSICIAN_ID,MEDICATION_ID,PATIENT_PRESCRIPTION,DOES) VALUES
(20,1001,2222,102,'Take 2 tablets, 3 times a day for 3 days', '2 Tablets');
INSERT INTO PATIENT_MEDICATION(PATIENT_MEDICATION_ID,PATIENT_ID,PHYSICIAN_ID,MEDICATION_ID,PATIENT_PRESCRIPTION,DOES) VALUES
(21,1001,2222,103,'Take 1 tablet, 3 times a day for 3 days', '1 Tablet');
INSERT INTO PATIENT_MEDICATION(PATIENT_MEDICATION_ID,PATIENT_ID,PHYSICIAN_ID,MEDICATION_ID,PATIENT_PRESCRIPTION,DOES) VALUES
(24,1003,3333,105,'Take 1 tablet, 3 times a day for 7 days', '1 Tablet');
INSERT INTO PATIENT_MEDICATION(PATIENT_MEDICATION_ID,PATIENT_ID,PHYSICIAN_ID,MEDICATION_ID,PATIENT_PRESCRIPTION,DOES) VALUES
(23,1003,4444,104,'Take 1 tablet, 3 times a day for 7 days', '1 Tablet');

INSERT INTO LAB_WORK (LAB_ID,TEST_TYPE,PHYSICIAN_ID,PATIENT_ID,LAB_DATE,LAB_RESULT,RESULT_DATE) VALUES
('L100','Covid-19 Test',1111,1000,TO_DATE('2020-08-01', 'yyyy-MM-dd'),'Negative',TO_DATE('2020-08-01', 'yyyy-MM-dd'));
INSERT INTO LAB_WORK (LAB_ID,TEST_TYPE,PHYSICIAN_ID,PATIENT_ID,LAB_DATE,LAB_RESULT,RESULT_DATE) VALUES
('L101','Draw Blood',1111,1001,TO_DATE('2020-08-01', 'yyyy-MM-dd'),'Negative',TO_DATE('2020-08-01', 'yyyy-MM-dd'));
INSERT INTO LAB_WORK (LAB_ID,TEST_TYPE,PHYSICIAN_ID,PATIENT_ID,LAB_DATE,LAB_RESULT,RESULT_DATE) VALUES
('L102','IV Test',1111,1002,TO_DATE('2020-08-01', 'yyyy-MM-dd'),'Negative',TO_DATE('2020-08-01', 'yyyy-MM-dd'));
INSERT INTO LAB_WORK (LAB_ID,TEST_TYPE,PHYSICIAN_ID,PATIENT_ID,LAB_DATE,LAB_RESULT,RESULT_DATE) VALUES
('L103','Check Up',1111,1003,TO_DATE('2020-08-01', 'yyyy-MM-dd'),'Negative',TO_DATE('2020-08-01', 'yyyy-MM-dd'));
INSERT INTO LAB_WORK (LAB_ID,TEST_TYPE,PHYSICIAN_ID,PATIENT_ID,LAB_DATE,LAB_RESULT,RESULT_DATE) VALUES
('L104','Covid-19 Test',1111,1004,TO_DATE('2020-08-01', 'yyyy-MM-dd'),'Positive',TO_DATE('2020-08-01', 'yyyy-MM-dd'));
INSERT INTO LAB_WORK (LAB_ID,TEST_TYPE,PHYSICIAN_ID,PATIENT_ID,LAB_DATE,LAB_RESULT,RESULT_DATE) VALUES
('L105','Covid-19 Test',1111,1005,TO_DATE('2020-08-01', 'yyyy-MM-dd'),'Negative',TO_DATE('2020-08-01', 'yyyy-MM-dd'));
INSERT INTO LAB_WORK (LAB_ID,TEST_TYPE,PHYSICIAN_ID,PATIENT_ID,LAB_DATE,LAB_RESULT,RESULT_DATE) VALUES
('L106','Covid-19 Test',2222,1006,TO_DATE('2020-08-01', 'yyyy-MM-dd'),'Negative',TO_DATE('2020-08-01', 'yyyy-MM-dd'));
INSERT INTO LAB_WORK (LAB_ID,TEST_TYPE,PHYSICIAN_ID,PATIENT_ID,LAB_DATE,LAB_RESULT,RESULT_DATE) VALUES
('L107','Covid-19 Test',3333,1007,TO_DATE('2020-08-01', 'yyyy-MM-dd'),'Negative',TO_DATE('2020-08-01', 'yyyy-MM-dd'));
INSERT INTO LAB_WORK (LAB_ID,TEST_TYPE,PHYSICIAN_ID,PATIENT_ID,LAB_DATE,LAB_RESULT,RESULT_DATE) VALUES
('L108','Covid-19 Test',4444,1008,TO_DATE('2020-08-01', 'yyyy-MM-dd'),'Negative',TO_DATE('2020-08-01', 'yyyy-MM-dd'));
INSERT INTO LAB_WORK (LAB_ID,TEST_TYPE,PHYSICIAN_ID,PATIENT_ID,LAB_DATE,LAB_RESULT,RESULT_DATE) VALUES
('L109','Covid-19 Test',5555,1009,TO_DATE('2020-08-01', 'yyyy-MM-dd'),'Negative',TO_DATE('2020-08-01', 'yyyy-MM-dd'));
INSERT INTO LAB_WORK (LAB_ID,TEST_TYPE,PHYSICIAN_ID,PATIENT_ID,LAB_DATE,LAB_RESULT,RESULT_DATE) VALUES
('L110','Covid-19 Test',11111,1010,TO_DATE('2020-08-01', 'yyyy-MM-dd'),'Negative',TO_DATE('2020-08-01', 'yyyy-MM-dd'));
INSERT INTO LAB_WORK (LAB_ID,TEST_TYPE,PHYSICIAN_ID,PATIENT_ID,LAB_DATE,LAB_RESULT,RESULT_DATE) VALUES
('L111','Covid-19 Test',33333,1011,TO_DATE('2020-08-01', 'yyyy-MM-dd'),'Negative',TO_DATE('2020-08-01', 'yyyy-MM-dd'));
INSERT INTO LAB_WORK (LAB_ID,TEST_TYPE,PHYSICIAN_ID,PATIENT_ID,LAB_DATE,LAB_RESULT,RESULT_DATE) VALUES
('L112','Covid-19 Test',44444,1012,TO_DATE('2020-08-01', 'yyyy-MM-dd'),'Negative',TO_DATE('2020-08-01', 'yyyy-MM-dd'));
INSERT INTO LAB_WORK (LAB_ID,TEST_TYPE,PHYSICIAN_ID,PATIENT_ID,LAB_DATE,LAB_RESULT,RESULT_DATE) VALUES
('L113','Covid-19 Test',77777,1013,TO_DATE('2020-08-01', 'yyyy-MM-dd'),'Negative',TO_DATE('2020-08-01', 'yyyy-MM-dd'));
INSERT INTO LAB_WORK (LAB_ID,TEST_TYPE,PHYSICIAN_ID,PATIENT_ID,LAB_DATE,LAB_RESULT,RESULT_DATE) VALUES
('L114','Covid-19 Test',88888,1014,TO_DATE('2020-08-01', 'yyyy-MM-dd'),'Negative',TO_DATE('2020-08-01', 'yyyy-MM-dd'));
INSERT INTO LAB_WORK (LAB_ID,TEST_TYPE,PHYSICIAN_ID,PATIENT_ID,LAB_DATE,LAB_RESULT,RESULT_DATE) VALUES
('L115','Covid-19 Test',99999,1015,TO_DATE('2020-08-01', 'yyyy-MM-dd'),'Positive',TO_DATE('2020-08-01', 'yyyy-MM-dd'));
INSERT INTO LAB_WORK (LAB_ID,TEST_TYPE,PHYSICIAN_ID,PATIENT_ID,LAB_DATE,LAB_RESULT,RESULT_DATE) VALUES
('L116','Covid-19 Test',222222,1016,TO_DATE('2020-08-01', 'yyyy-MM-dd'),'Negative',TO_DATE('2020-08-01', 'yyyy-MM-dd'));
INSERT INTO LAB_WORK (LAB_ID,TEST_TYPE,PHYSICIAN_ID,PATIENT_ID,LAB_DATE,LAB_RESULT,RESULT_DATE) VALUES
('L117','Covid-19 Test',333333,1017,TO_DATE('2020-08-01', 'yyyy-MM-dd'),'Negative',TO_DATE('2020-08-01', 'yyyy-MM-dd'));
INSERT INTO LAB_WORK (LAB_ID,TEST_TYPE,PHYSICIAN_ID,PATIENT_ID,LAB_DATE,LAB_RESULT,RESULT_DATE) VALUES
('L118','Aids Test',555555,1018,TO_DATE('2020-08-01', 'yyyy-MM-dd'),'Negative',TO_DATE('2020-08-01', 'yyyy-MM-dd'));
INSERT INTO LAB_WORK (LAB_ID,TEST_TYPE,PHYSICIAN_ID,PATIENT_ID,LAB_DATE,LAB_RESULT,RESULT_DATE) VALUES
('L119','Covid-19 Test',666666,1019,TO_DATE('2020-08-01', 'yyyy-MM-dd'),'Negative',TO_DATE('2020-08-01', 'yyyy-MM-dd'));
INSERT INTO LAB_WORK (LAB_ID,TEST_TYPE,PHYSICIAN_ID,PATIENT_ID,LAB_DATE,LAB_RESULT,RESULT_DATE) VALUES
('L120','Covid-19 Test',999999,1020,TO_DATE('2020-08-01', 'yyyy-MM-dd'),'Negative',TO_DATE('2020-08-01', 'yyyy-MM-dd'));
INSERT INTO LAB_WORK (LAB_ID,TEST_TYPE,PHYSICIAN_ID,PATIENT_ID,LAB_DATE,LAB_RESULT,RESULT_DATE) VALUES
('L121','Covid-19 Test',7777777,1021,TO_DATE('2020-08-01', 'yyyy-MM-dd'),'Negative',TO_DATE('2020-08-01', 'yyyy-MM-dd'));
INSERT INTO LAB_WORK (LAB_ID,TEST_TYPE,PHYSICIAN_ID,PATIENT_ID,LAB_DATE,LAB_RESULT,RESULT_DATE) VALUES
('L122','Covid-19 Test',9999999,1022,TO_DATE('2020-08-01', 'yyyy-MM-dd'),'Negative',TO_DATE('2020-08-01', 'yyyy-MM-dd'));
INSERT INTO LAB_WORK (LAB_ID,TEST_TYPE,PHYSICIAN_ID,PATIENT_ID,LAB_DATE,LAB_RESULT,RESULT_DATE) VALUES
('L123','Covid-19 Test',11111111,1023,TO_DATE('2020-08-01', 'yyyy-MM-dd'),'Negative',TO_DATE('2020-08-01', 'yyyy-MM-dd'));
INSERT INTO LAB_WORK (LAB_ID,TEST_TYPE,PHYSICIAN_ID,PATIENT_ID,LAB_DATE,LAB_RESULT,RESULT_DATE) VALUES
('L124','Covid-19 Test',111111111,1024,TO_DATE('2020-08-01', 'yyyy-MM-dd'),'Negative',TO_DATE('2020-08-01', 'yyyy-MM-dd'));

INSERT INTO PATIENT_TREATMENT 
(TREATMENT_ID,PATIENT_ID,PHYSICIAN_ID,LAB_ID,TREATMENT_DATE,TREATMENT_TIME,TREATMENT_RESULTS) VALUES
(1,1000,1111,'L100',TO_DATE('2020-08-01', 'yyyy-MM-dd'),TO_DATE('2020-08-01', 'yyyy-MM-dd'),'NEGATIVE');
INSERT INTO PATIENT_TREATMENT 
(TREATMENT_ID,PATIENT_ID,PHYSICIAN_ID,LAB_ID,TREATMENT_DATE,TREATMENT_TIME,TREATMENT_RESULTS) VALUES
(2,1001,1111,'L101',TO_DATE('2020-08-01', 'yyyy-MM-dd'),TO_DATE('2020-08-01', 'yyyy-MM-dd'),'NEGATIVE');
INSERT INTO PATIENT_TREATMENT 
(TREATMENT_ID,PATIENT_ID,PHYSICIAN_ID,LAB_ID,TREATMENT_DATE,TREATMENT_TIME,TREATMENT_RESULTS) VALUES
(3,1002,1111,'L102',TO_DATE('2020-08-01', 'yyyy-MM-dd'),TO_DATE('2020-08-01', 'yyyy-MM-dd'),'NEGATIVE');
INSERT INTO PATIENT_TREATMENT 
(TREATMENT_ID,PATIENT_ID,PHYSICIAN_ID,LAB_ID,TREATMENT_DATE,TREATMENT_TIME,TREATMENT_RESULTS) VALUES
(4,1003,1111,'L103',TO_DATE('2020-08-01', 'yyyy-MM-dd'),TO_DATE('2020-08-01', 'yyyy-MM-dd'),'NEGATIVE');
INSERT INTO PATIENT_TREATMENT 
(TREATMENT_ID,PATIENT_ID,PHYSICIAN_ID,LAB_ID,TREATMENT_DATE,TREATMENT_TIME,TREATMENT_RESULTS) VALUES
(5,1004,1111,'L104',TO_DATE('2020-08-01', 'yyyy-MM-dd'),TO_DATE('2020-08-01', 'yyyy-MM-dd'),'POSITIVE');
INSERT INTO PATIENT_TREATMENT 
(TREATMENT_ID,PATIENT_ID,PHYSICIAN_ID,LAB_ID,TREATMENT_DATE,TREATMENT_TIME,TREATMENT_RESULTS) VALUES
(6,1005,1111,'L105',TO_DATE('2020-08-01', 'yyyy-MM-dd'),TO_DATE('2020-08-01', 'yyyy-MM-dd'),'NEGATIVE');
INSERT INTO PATIENT_TREATMENT 
(TREATMENT_ID,PATIENT_ID,PHYSICIAN_ID,LAB_ID,TREATMENT_DATE,TREATMENT_TIME,TREATMENT_RESULTS) VALUES
(7,1006,2222,'L106',TO_DATE('2020-08-01', 'yyyy-MM-dd'),TO_DATE('2020-08-01', 'yyyy-MM-dd'),'NEGATIVE');
INSERT INTO PATIENT_TREATMENT 
(TREATMENT_ID,PATIENT_ID,PHYSICIAN_ID,LAB_ID,TREATMENT_DATE,TREATMENT_TIME,TREATMENT_RESULTS) VALUES
(8,1007,3333,'L107',TO_DATE('2020-08-01', 'yyyy-MM-dd'),TO_DATE('2020-08-01', 'yyyy-MM-dd'),'NEGATIVE');
INSERT INTO PATIENT_TREATMENT 
(TREATMENT_ID,PATIENT_ID,PHYSICIAN_ID,LAB_ID,TREATMENT_DATE,TREATMENT_TIME,TREATMENT_RESULTS) VALUES
(9,1008,4444,'L108',TO_DATE('2020-08-01', 'yyyy-MM-dd'),TO_DATE('2020-08-01', 'yyyy-MM-dd'),'NEGATIVE');
INSERT INTO PATIENT_TREATMENT 
(TREATMENT_ID,PATIENT_ID,PHYSICIAN_ID,LAB_ID,TREATMENT_DATE,TREATMENT_TIME,TREATMENT_RESULTS) VALUES
(10,1009,5555,'L109',TO_DATE('2020-08-01', 'yyyy-MM-dd'),TO_DATE('2020-08-01', 'yyyy-MM-dd'),'NEGATIVE');
INSERT INTO PATIENT_TREATMENT 
(TREATMENT_ID,PATIENT_ID,PHYSICIAN_ID,LAB_ID,TREATMENT_DATE,TREATMENT_TIME,TREATMENT_RESULTS) VALUES
(11,1010,11111,'L110',TO_DATE('2020-08-01', 'yyyy-MM-dd'),TO_DATE('2020-08-01', 'yyyy-MM-dd'),'NEGATIVE');
INSERT INTO PATIENT_TREATMENT 
(TREATMENT_ID,PATIENT_ID,PHYSICIAN_ID,LAB_ID,TREATMENT_DATE,TREATMENT_TIME,TREATMENT_RESULTS) VALUES
(12,1011,33333,'L111',TO_DATE('2020-08-01', 'yyyy-MM-dd'),TO_DATE('2020-08-01', 'yyyy-MM-dd'),'NEGATIVE');
INSERT INTO PATIENT_TREATMENT 
(TREATMENT_ID,PATIENT_ID,PHYSICIAN_ID,LAB_ID,TREATMENT_DATE,TREATMENT_TIME,TREATMENT_RESULTS) VALUES
(13,1012,44444,'L112',TO_DATE('2020-08-01', 'yyyy-MM-dd'),TO_DATE('2020-08-01', 'yyyy-MM-dd'),'NEGATIVE');
INSERT INTO PATIENT_TREATMENT 
(TREATMENT_ID,PATIENT_ID,PHYSICIAN_ID,LAB_ID,TREATMENT_DATE,TREATMENT_TIME,TREATMENT_RESULTS) VALUES
(14,1013,77777,'L113',TO_DATE('2020-08-01', 'yyyy-MM-dd'),TO_DATE('2020-08-01', 'yyyy-MM-dd'),'NEGATIVE');
INSERT INTO PATIENT_TREATMENT 
(TREATMENT_ID,PATIENT_ID,PHYSICIAN_ID,LAB_ID,TREATMENT_DATE,TREATMENT_TIME,TREATMENT_RESULTS) VALUES
(15,1014,88888,'L114',TO_DATE('2020-08-01', 'yyyy-MM-dd'),TO_DATE('2020-08-01', 'yyyy-MM-dd'),'NEGATIVE');
INSERT INTO PATIENT_TREATMENT 
(TREATMENT_ID,PATIENT_ID,PHYSICIAN_ID,LAB_ID,TREATMENT_DATE,TREATMENT_TIME,TREATMENT_RESULTS) VALUES
(16,1015,99999,'L115',TO_DATE('2020-08-01', 'yyyy-MM-dd'),TO_DATE('2020-08-01', 'yyyy-MM-dd'),'NEGATIVE');
INSERT INTO PATIENT_TREATMENT 
(TREATMENT_ID,PATIENT_ID,PHYSICIAN_ID,LAB_ID,TREATMENT_DATE,TREATMENT_TIME,TREATMENT_RESULTS) VALUES
(17,1016,222222,'L116',TO_DATE('2020-08-01', 'yyyy-MM-dd'),TO_DATE('2020-08-01', 'yyyy-MM-dd'),'NEGATIVE');
INSERT INTO PATIENT_TREATMENT 
(TREATMENT_ID,PATIENT_ID,PHYSICIAN_ID,LAB_ID,TREATMENT_DATE,TREATMENT_TIME,TREATMENT_RESULTS) VALUES
(18,1017,333333,'L117',TO_DATE('2020-08-01', 'yyyy-MM-dd'),TO_DATE('2020-08-01', 'yyyy-MM-dd'),'NEGATIVE');
INSERT INTO PATIENT_TREATMENT 
(TREATMENT_ID,PATIENT_ID,PHYSICIAN_ID,LAB_ID,TREATMENT_DATE,TREATMENT_TIME,TREATMENT_RESULTS) VALUES
(19,1018,555555,'L118',TO_DATE('2020-08-01', 'yyyy-MM-dd'),TO_DATE('2020-08-01', 'yyyy-MM-dd'),'NEGATIVE');
INSERT INTO PATIENT_TREATMENT 
(TREATMENT_ID,PATIENT_ID,PHYSICIAN_ID,LAB_ID,TREATMENT_DATE,TREATMENT_TIME,TREATMENT_RESULTS) VALUES
(20,1019,666666,'L119',TO_DATE('2020-08-01', 'yyyy-MM-dd'),TO_DATE('2020-08-01', 'yyyy-MM-dd'),'NEGATIVE');
INSERT INTO PATIENT_TREATMENT 
(TREATMENT_ID,PATIENT_ID,PHYSICIAN_ID,LAB_ID,TREATMENT_DATE,TREATMENT_TIME,TREATMENT_RESULTS) VALUES
(21,1020,999999,'L120',TO_DATE('2020-08-01', 'yyyy-MM-dd'),TO_DATE('2020-08-01', 'yyyy-MM-dd'),'NEGATIVE');
INSERT INTO PATIENT_TREATMENT 
(TREATMENT_ID,PATIENT_ID,PHYSICIAN_ID,LAB_ID,TREATMENT_DATE,TREATMENT_TIME,TREATMENT_RESULTS) VALUES
(22,1021,7777777,'L121',TO_DATE('2020-08-01', 'yyyy-MM-dd'),TO_DATE('2020-08-01', 'yyyy-MM-dd'),'NEGATIVE');
INSERT INTO PATIENT_TREATMENT 
(TREATMENT_ID,PATIENT_ID,PHYSICIAN_ID,LAB_ID,TREATMENT_DATE,TREATMENT_TIME,TREATMENT_RESULTS) VALUES
(23,1022,9999999,'L122',TO_DATE('2020-08-01', 'yyyy-MM-dd'),TO_DATE('2020-08-01', 'yyyy-MM-dd'),'NEGATIVE');
INSERT INTO PATIENT_TREATMENT 
(TREATMENT_ID,PATIENT_ID,PHYSICIAN_ID,LAB_ID,TREATMENT_DATE,TREATMENT_TIME,TREATMENT_RESULTS) VALUES
(24,1023,11111111,'L123',TO_DATE('2020-08-01', 'yyyy-MM-dd'),TO_DATE('2020-08-01', 'yyyy-MM-dd'),'NEGATIVE');
INSERT INTO PATIENT_TREATMENT 
(TREATMENT_ID,PATIENT_ID,PHYSICIAN_ID,LAB_ID,TREATMENT_DATE,TREATMENT_TIME,TREATMENT_RESULTS) VALUES
(25,1024,111111111,'L124',TO_DATE('2020-08-01', 'yyyy-MM-dd'),TO_DATE('2020-08-01', 'yyyy-MM-dd'),'NEGATIVE');



INSERT INTO PAYMENTS (PAYMENT_ID,PAYMENT_DATE,PAYMENT_DETAILS,PATIENT_ID,PAYMENT_TYPE,PAYMENT_AMOUNT) VALUES
(201,TO_DATE('2020-08-01', 'yyyy-MM-dd'),'Payment for Covid-19 testing',1000,'CASH',50);
INSERT INTO PAYMENTS (PAYMENT_ID,PAYMENT_DATE,PAYMENT_DETAILS,PATIENT_ID,PAYMENT_TYPE,PAYMENT_AMOUNT) VALUES
(205,TO_DATE('2020-08-01', 'yyyy-MM-dd'),'Payment for Draw Blood',1001,'CASH',50);
INSERT INTO PAYMENTS (PAYMENT_ID,PAYMENT_DATE,PAYMENT_DETAILS,PATIENT_ID,PAYMENT_TYPE,PAYMENT_AMOUNT) VALUES
(210,TO_DATE('2020-08-01', 'yyyy-MM-dd'),'Payment for IV Test',1002,'INSURANCE',50);
INSERT INTO PAYMENTS (PAYMENT_ID,PAYMENT_DATE,PAYMENT_DETAILS,PATIENT_ID,PAYMENT_TYPE,PAYMENT_AMOUNT) VALUES
(211,TO_DATE('2020-08-01', 'yyyy-MM-dd'),'Payment for Check Up',1003,'CASH',50);
INSERT INTO PAYMENTS (PAYMENT_ID,PAYMENT_DATE,PAYMENT_DETAILS,PATIENT_ID,PAYMENT_TYPE,PAYMENT_AMOUNT) VALUES
(213,TO_DATE('2020-08-01', 'yyyy-MM-dd'),'Payment for Covid-19 testing',1004,'INSURANCE',50);
INSERT INTO PAYMENTS (PAYMENT_ID,PAYMENT_DATE,PAYMENT_DETAILS,PATIENT_ID,PAYMENT_TYPE,PAYMENT_AMOUNT) VALUES
(214,TO_DATE('2020-08-01', 'yyyy-MM-dd'),'Payment for Covid-19 testing',1005,'CASH',50);
INSERT INTO PAYMENTS (PAYMENT_ID,PAYMENT_DATE,PAYMENT_DETAILS,PATIENT_ID,PAYMENT_TYPE,PAYMENT_AMOUNT) VALUES
(215,TO_DATE('2020-08-01', 'yyyy-MM-dd'),'Payment for room charges',1005,'CASH',25);
INSERT INTO PAYMENTS (PAYMENT_ID,PAYMENT_DATE,PAYMENT_DETAILS,PATIENT_ID,PAYMENT_TYPE,PAYMENT_AMOUNT) VALUES
(216,TO_DATE('2020-08-10', 'yyyy-MM-dd'),'Payment for Covid-19 testing',1006,'CASH',50);
INSERT INTO PAYMENTS (PAYMENT_ID,PAYMENT_DATE,PAYMENT_DETAILS,PATIENT_ID,PAYMENT_TYPE,PAYMENT_AMOUNT) VALUES
(217,TO_DATE('2020-08-10', 'yyyy-MM-dd'),'Payment for Covid-19 testing',1007,'CASH',50);
INSERT INTO PAYMENTS (PAYMENT_ID,PAYMENT_DATE,PAYMENT_DETAILS,PATIENT_ID,PAYMENT_TYPE,PAYMENT_AMOUNT) VALUES
(218,TO_DATE('2020-08-10', 'yyyy-MM-dd'),'Payment for Covid-19 testing',1008,'CASH',50);
INSERT INTO PAYMENTS (PAYMENT_ID,PAYMENT_DATE,PAYMENT_DETAILS,PATIENT_ID,PAYMENT_TYPE,PAYMENT_AMOUNT) VALUES
(219,TO_DATE('2020-08-10', 'yyyy-MM-dd'),'Payment for Covid-19 testing',1009,'CASH',100);
INSERT INTO PAYMENTS (PAYMENT_ID,PAYMENT_DATE,PAYMENT_DETAILS,PATIENT_ID,PAYMENT_TYPE,PAYMENT_AMOUNT) VALUES
(220,TO_DATE('2020-08-10', 'yyyy-MM-dd'),'Payment for Covid-19 testing',1010,'CASH',150);
INSERT INTO PAYMENTS (PAYMENT_ID,PAYMENT_DATE,PAYMENT_DETAILS,PATIENT_ID,PAYMENT_TYPE,PAYMENT_AMOUNT) VALUES
(221,TO_DATE('2020-08-10', 'yyyy-MM-dd'),'Payment for Covid-19 testing',1011,'CASH',150);
INSERT INTO PAYMENTS (PAYMENT_ID,PAYMENT_DATE,PAYMENT_DETAILS,PATIENT_ID,PAYMENT_TYPE,PAYMENT_AMOUNT) VALUES
(222,TO_DATE('2020-08-10', 'yyyy-MM-dd'),'Payment for Covid-19 testing',1012,'CASH',150);
INSERT INTO PAYMENTS (PAYMENT_ID,PAYMENT_DATE,PAYMENT_DETAILS,PATIENT_ID,PAYMENT_TYPE,PAYMENT_AMOUNT) VALUES
(223,TO_DATE('2020-08-10', 'yyyy-MM-dd'),'Payment for Covid-19 testing',1013,'CASH',150);
INSERT INTO PAYMENTS (PAYMENT_ID,PAYMENT_DATE,PAYMENT_DETAILS,PATIENT_ID,PAYMENT_TYPE,PAYMENT_AMOUNT) VALUES
(224,TO_DATE('2020-08-10', 'yyyy-MM-dd'),'Payment for Covid-19 testing',1014,'CASH',150);
INSERT INTO PAYMENTS (PAYMENT_ID,PAYMENT_DATE,PAYMENT_DETAILS,PATIENT_ID,PAYMENT_TYPE,PAYMENT_AMOUNT) VALUES
(225,TO_DATE('2020-08-10', 'yyyy-MM-dd'),'Payment for Covid-19 testing',1015,'INSURANCE',200);
INSERT INTO PAYMENTS (PAYMENT_ID,PAYMENT_DATE,PAYMENT_DETAILS,PATIENT_ID,PAYMENT_TYPE,PAYMENT_AMOUNT) VALUES
(226,TO_DATE('2020-08-10', 'yyyy-MM-dd'),'Payment for Covid-19 testing',1016,'CASH',200);
INSERT INTO PAYMENTS (PAYMENT_ID,PAYMENT_DATE,PAYMENT_DETAILS,PATIENT_ID,PAYMENT_TYPE,PAYMENT_AMOUNT) VALUES
(227,TO_DATE('2020-08-11', 'yyyy-MM-dd'),'Payment for Covid-19 testing',1017,'CASH',200);
INSERT INTO PAYMENTS (PAYMENT_ID,PAYMENT_DATE,PAYMENT_DETAILS,PATIENT_ID,PAYMENT_TYPE,PAYMENT_AMOUNT) VALUES
(228,TO_DATE('2020-08-11', 'yyyy-MM-dd'),'Payment for Aids Test',1018,'CASH',200);
INSERT INTO PAYMENTS (PAYMENT_ID,PAYMENT_DATE,PAYMENT_DETAILS,PATIENT_ID,PAYMENT_TYPE,PAYMENT_AMOUNT) VALUES
(229,TO_DATE('2020-08-11', 'yyyy-MM-dd'),'Payment for Covid-19 testing',1019,'CASH',300);
INSERT INTO PAYMENTS (PAYMENT_ID,PAYMENT_DATE,PAYMENT_DETAILS,PATIENT_ID,PAYMENT_TYPE,PAYMENT_AMOUNT) VALUES
(230,TO_DATE('2020-08-11', 'yyyy-MM-dd'),'Payment for Covid-19 testing',1020,'INSURANCE',300);
INSERT INTO PAYMENTS (PAYMENT_ID,PAYMENT_DATE,PAYMENT_DETAILS,PATIENT_ID,PAYMENT_TYPE,PAYMENT_AMOUNT) VALUES
(231,TO_DATE('2020-08-11', 'yyyy-MM-dd'),'Payment for Covid-19 testing',1021,'CASH',300);
INSERT INTO PAYMENTS (PAYMENT_ID,PAYMENT_DATE,PAYMENT_DETAILS,PATIENT_ID,PAYMENT_TYPE,PAYMENT_AMOUNT) VALUES
(232,TO_DATE('2020-08-11', 'yyyy-MM-dd'),'Payment for Covid-19 testing',1022,'CASH',500);
INSERT INTO PAYMENTS (PAYMENT_ID,PAYMENT_DATE,PAYMENT_DETAILS,PATIENT_ID,PAYMENT_TYPE,PAYMENT_AMOUNT) VALUES
(233,TO_DATE('2020-08-11', 'yyyy-MM-dd'),'Payment for Covid-19 testing',1023,'INSURANCE',500);
INSERT INTO PAYMENTS (PAYMENT_ID,PAYMENT_DATE,PAYMENT_DETAILS,PATIENT_ID,PAYMENT_TYPE,PAYMENT_AMOUNT) VALUES
(234,TO_DATE('2020-08-11', 'yyyy-MM-dd'),'Payment for Covid-19 testing',1024,'INSURANCE',1500);





